tanggal,wp_id,omset,target_pajak,pajak_dibayar,rasio_pajakdibayar,bulan,kode_sector,nama_sektor,kode_kecamatan,nama_kecamatan,is_anomaly,anomaly_score
2025-05-27,1854,91951075,45404943.89,31371504.14,0.6909270544635399,11,2,sector_hotel,10,Kecamatan D,True,0.061988467380956314
2024-12-03,1042,51337357,16472778.86,6217351.21,0.37743183847974027,1,4,sector_hotel,2,Kecamatan C,True,-0.12998415806923258
2025-07-29,1289,60061930,13778786.53,11860692.11,0.8607936616316821,7,9,sector_hotel,5,Kecamatan D,True,-0.11617651454606259
2024-09-11,1054,62706766,15875745.5,12305433.89,0.7751090422808806,1,2,sector_restoran,7,Kecamatan A,True,-0.1309853174094719
2025-07-13,1532,84220725,27984480.92,4300760.69,0.15368377574323078,11,9,sector_hotel,6,Kecamatan C,True,-0.11790189169571419
2024-09-02,1365,93304728,34399568.83,32444137.3,0.9431553476828856,2,2,sector_hotel,5,Kecamatan B,False,-0.0038009777000832523
2024-12-12,1681,81018401,37868243.65,25914822.56,0.6843418141997721,9,10,sector_hotel,3,Kecamatan C,True,-0.013889610974107458
2024-11-17,1521,60380082,23035755.84,16262663.14,0.7059748007817052,9,1,sector_hotel,10,Kecamatan A,True,-0.10664797390727987
2024-08-30,1325,86544497,36423341.66,34907690.96,0.9583879284292995,2,6,sector_toko,6,Kecamatan D,False,0.026126260769960163
2025-06-26,1602,65136636,13537851.76,2233272.27,0.16496504095270134,2,1,sector_pabrik,8,Kecamatan B,True,-0.11154008798539122
2025-04-22,1921,77465898,16513444.58,11303284.31,0.6844897958896956,1,3,sector_restoran,1,Kecamatan D,True,-0.13466354327325708
2025-04-30,1677,87133323,22962061.14,697131.65,0.030360151283875557,9,1,sector_toko,7,Kecamatan D,True,-0.11195303919181065
2025-05-20,1850,66260188,9637649.12,656009.51,0.06806737844799231,3,6,sector_parkir,9,Kecamatan B,True,-0.056115315283111866
2025-05-24,1050,74650654,15589489.12,12565624.64,0.8060318425623945,4,9,sector_restoran,2,Kecamatan C,True,-0.12932983916482316
2024-10-04,1928,75553485,29567781.91,1208631.72,0.040876644845355595,7,4,sector_hotel,9,Kecamatan D,True,-0.10552684749217867
2024-10-17,1275,69518752,21347825.75,5351640.47,0.2506878467471096,3,9,sector_pabrik,3,Kecamatan C,True,-0.14923675597177988
2024-09-02,1423,56131784,26623945.72,15652773.4,0.5879208726091109,6,6,sector_hotel,10,Kecamatan A,True,-0.1290430962111359
2024-08-31,1349,98340232,42134850.51,7785861.45,0.18478436153825104,10,5,sector_toko,2,Kecamatan C,True,-0.01256363921921766
2024-10-13,1006,89641888,27857268.56,1076609.7,0.03864735329959428,10,9,sector_restoran,6,Kecamatan C,True,-0.11184149694934209
2025-02-19,1913,83774242,16711284.05,9797556.43,0.5862838786466561,1,4,sector_parkir,9,Kecamatan B,True,-0.1482165995198304
2025-03-20,1292,72204086,20815962.76,4881392.51,0.2345023656258693,12,8,sector_pabrik,5,Kecamatan B,True,-0.15143821141725694
2025-08-05,1890,96249943,26011392.52,17133541.21,0.6586937318648406,2,7,sector_parkir,7,Kecamatan D,True,-0.10934554496892984
2025-04-10,1944,91690064,11164627.24,7745853.22,0.6937852069300255,9,8,sector_parkir,10,Kecamatan C,True,-0.10110122093989071
2025-03-07,1808,99525687,19729256.5,1299467.3,0.06586499090829906,5,3,sector_restoran,3,Kecamatan B,True,-0.14130593101074107
2025-04-09,1931,90632651,17689720.1,465743.94,0.02632850815994539,3,10,sector_toko,10,Kecamatan C,True,-0.11072876129504655
2025-07-31,1993,70854267,7899630.29,5534910.62,0.7006543872067714,5,2,sector_pabrik,5,Kecamatan C,True,-0.05778558954575852
2024-11-30,1333,50841009,19509417.51,5600367.59,0.2870597026861208,1,6,sector_toko,2,Kecamatan A,True,-0.14759705519349398
2025-01-04,1494,63389073,30920831.93,18256777.91,0.5904361807382975,5,5,sector_parkir,6,Kecamatan C,True,-0.08995843792978037
2025-02-04,1266,74252104,8603799.2,7887176.63,0.9167085896193394,10,5,sector_hotel,10,Kecamatan A,False,-0.03535294038089076
2025-04-21,1477,56004164,19063801.42,1677779.46,0.08800865173930246,10,8,sector_pabrik,4,Kecamatan A,True,-0.14144374024705364
2025-02-16,1185,52891968,20832667.08,829530.14,0.039818720129040724,6,8,sector_parkir,10,Kecamatan A,True,-0.12281937778218349
2025-07-27,1948,93366891,17069039.48,1548467.26,0.09071789082299316,8,3,sector_restoran,9,Kecamatan B,True,-0.1309732260785465
2025-02-10,1944,68840182,10798588.24,4802407.01,0.444725449592659,10,4,sector_hotel,7,Kecamatan B,True,-0.1090770974104967
2025-06-09,1517,87996827,40243125.11,32160898.19,0.7991650276188007,10,10,sector_hotel,6,Kecamatan D,True,-0.006048059607056899
2025-02-28,1698,93945912,19788723.94,9130313.28,0.4613896938318701,6,9,sector_toko,2,Kecamatan C,True,-0.1526920004477199
2025-01-12,1531,67285915,7893931.4,4945404.18,0.626481778141624,3,3,sector_hotel,9,Kecamatan A,True,-0.06960154315305356
2025-04-28,1436,63321402,13493614.38,9037460.52,0.6697583216395427,3,4,sector_pabrik,2,Kecamatan C,True,-0.1259564306126832
2024-11-04,1841,57685870,14339667.95,805873.17,0.056198872443207454,1,3,sector_parkir,2,Kecamatan A,True,-0.10452736632264792
2025-07-21,1470,91706364,41052467.77,37453504.88,0.9123326054315785,11,4,sector_restoran,1,Kecamatan C,False,0.02524333884514074
2024-08-29,1416,50804035,20237087.87,14636445.17,0.7232485851730405,7,10,sector_toko,7,Kecamatan A,True,-0.12181748453238322
2025-01-17,1578,81376020,16944097.16,3432395.04,0.20257172793501615,3,2,sector_hotel,4,Kecamatan C,True,-0.13405936538923208
2025-02-25,1214,56554887,21529624.54,212410.28,0.009865953751555762,10,5,sector_toko,7,Kecamatan B,True,-0.07745812926452567
2025-05-29,1144,63261374,21756336.27,19556545.08,0.898889630924058,4,7,sector_pabrik,1,Kecamatan C,True,-0.06902896437838735
2024-09-08,1709,53897952,25977748.76,4686616.53,0.18040887889470836,11,1,sector_hotel,10,Kecamatan A,True,-0.14583385583234187
2024-11-07,1822,82587693,40288550.65,4025532.58,0.09991753277428957,7,8,sector_pabrik,5,Kecamatan D,True,-0.04154295454214729
2025-07-01,1144,83477337,16861510.66,12470123.41,0.7395614581309407,7,9,sector_hotel,1,Kecamatan D,True,-0.1362156653356969
2025-03-12,1697,82546392,14927669.98,327941.81,0.021968720533035255,12,1,sector_hotel,3,Kecamatan C,True,-0.08533060952876564
2024-10-08,1775,98466857,40315791.99,2441879.87,0.06056881806031959,12,6,sector_toko,3,Kecamatan C,True,-0.029571580008268983
2024-12-29,1217,53079844,8684966.9,6211124.49,0.7151581072807542,2,2,sector_parkir,6,Kecamatan D,True,-0.07966911038802538
2025-02-27,1870,95230545,33840439.52,3667622.79,0.1083798804632074,2,3,sector_toko,5,Kecamatan C,True,-0.08610491080534977
2025-02-05,1148,58240034,12080413.32,8941635.37,0.7401762781738993,9,6,sector_restoran,9,Kecamatan D,True,-0.12592695363695877
2024-09-10,1783,83623935,23567748.63,22064094.46,0.9361986503841967,9,4,sector_toko,3,Kecamatan D,False,-0.0567284186991589
2024-10-31,1696,59224450,8574580.62,2426101.88,0.28294117083011344,4,7,sector_pabrik,2,Kecamatan C,True,-0.08561708649901512
2025-04-30,1608,70194598,24913787.62,12909980.93,0.5181861998227951,4,2,sector_hotel,2,Kecamatan B,True,-0.13998219680062723
2025-03-22,1479,82698544,23424759.78,1661498.55,0.07092916066608218,9,2,sector_hotel,10,Kecamatan D,True,-0.13557825680075325
2025-07-24,1256,68962356,30200190.7,9521514.23,0.3152799372886079,5,5,sector_restoran,10,Kecamatan D,True,-0.12673091287603278
2025-03-02,1879,79050908,15437643.7,13133291.51,0.8507316119752136,3,3,sector_restoran,3,Kecamatan B,True,-0.11024631277321495
2025-07-13,1541,65209137,10274345.89,4564976.39,0.4443082254455811,12,6,sector_parkir,3,Kecamatan A,True,-0.10629121125050106
2025-08-04,1669,66590625,11152340.78,3691052.15,0.33096658565342013,5,3,sector_pabrik,3,Kecamatan B,True,-0.10730629681772391
2025-02-05,1239,78627766,26225729.34,8602579.91,0.3280206166422672,3,6,sector_toko,4,Kecamatan C,True,-0.1356487180871519
2024-12-31,1001,55693558,18905068.86,621538.8,0.03287683343566515,8,2,sector_parkir,2,Kecamatan B,True,-0.11431676040349442
2025-03-05,1243,99734127,37589221.62,19363134.02,0.515124633751328,6,2,sector_hotel,6,Kecamatan C,True,-0.04835978704928312
2025-05-27,1066,63523757,17966121.82,7191775.3,0.4002964786754407,3,6,sector_hotel,8,Kecamatan A,True,-0.12816986392463137
2025-08-02,1564,73854735,16903006.46,1623708.77,0.09606035315920952,11,3,sector_toko,1,Kecamatan D,True,-0.12123581915617737
2025-05-22,1810,69918315,20640818.09,406873.24,0.019712069464781566,7,8,sector_pabrik,6,Kecamatan B,True,-0.1047240815921367
2024-11-27,1075,53866624,24812541.61,107641.63,0.0043381944377926225,3,7,sector_parkir,1,Kecamatan A,True,-0.05181096699409804
2025-04-19,1324,87527426,18379265.06,1683725.3,0.09161004504279129,9,10,sector_toko,9,Kecamatan A,True,-0.13685456028574078
2025-06-24,1449,50373429,15576032.12,2232083.97,0.143302476060893,10,7,sector_restoran,4,Kecamatan B,True,-0.11278330871972442
2025-01-09,1989,78074122,22222622.48,5817381.96,0.26177747316886424,9,4,sector_pabrik,3,Kecamatan A,True,-0.14637038098802602
2025-01-10,1769,50082183,19993455.18,2843159.48,0.14220450914577737,1,10,sector_parkir,2,Kecamatan A,True,-0.12854840987697314
2024-09-06,1213,89219283,25187859.88,2321607.93,0.09217170260040371,7,3,sector_pabrik,6,Kecamatan D,True,-0.12430567535085002
2025-04-08,1186,76522642,33346258.02,227894.85,0.006834195604895641,11,10,sector_parkir,5,Kecamatan D,True,-0.026756319249847227
2024-08-28,1883,94646236,40391075.63,22201118.92,0.549654065253721,9,5,sector_pabrik,3,Kecamatan C,True,-0.015883577067133947
2024-12-19,1482,69161566,29027291.09,15197038.6,0.5235431219841052,6,1,sector_parkir,7,Kecamatan C,True,-0.1273886285305892
2025-03-07,1558,70831387,21985346.58,6643499.91,0.30217853904762054,12,7,sector_parkir,4,Kecamatan B,True,-0.13113560109645528
2024-10-12,1754,59866142,15727928.11,709947.59,0.045139295210066925,4,2,sector_hotel,1,Kecamatan A,True,-0.10345950168653273
2025-06-25,1947,83964635,33626489.38,8919083.81,0.2652398146356841,10,2,sector_hotel,5,Kecamatan D,True,-0.11369959776492478
2025-03-18,1522,62996105,29211059.24,25337838.81,0.8674056836427134,8,10,sector_parkir,6,Kecamatan D,True,-0.0719280788829767
2024-11-15,1676,53250064,9150566.02,3931360.44,0.4296303017111066,6,9,sector_hotel,1,Kecamatan C,True,-0.09684069137698303
2025-07-20,1462,50194944,10609331.58,1145335.61,0.1079554919519256,4,3,sector_pabrik,4,Kecamatan B,True,-0.07060498763104106
2025-02-03,1027,72557623,30186887.7,25060422.32,0.8301757560783585,1,1,sector_restoran,4,Kecamatan B,True,-0.07875542437812266
2025-03-29,1744,83184273,22147355.07,3019944.51,0.13635689229955528,8,2,sector_parkir,4,Kecamatan B,True,-0.12045742686608796
2024-09-29,1042,85683238,16722189.43,1326613.98,0.07933255304595602,10,8,sector_toko,3,Kecamatan D,True,-0.13214313801764788
2024-12-30,1710,79991058,32731931.64,15899321.38,0.4857434493896554,9,5,sector_parkir,10,Kecamatan B,True,-0.10233507937395042
2024-11-01,1401,79710528,8451463.79,1890889.48,0.22373514541201153,6,4,sector_hotel,7,Kecamatan C,True,-0.07800842515019146
2025-02-19,1627,71741903,7955793.18,5159289.45,0.6484946671275836,1,10,sector_parkir,10,Kecamatan C,True,-0.06664531008699048
2025-06-17,1425,97889239,43810628.22,33656883.32,0.7682355786132117,9,2,sector_parkir,5,Kecamatan A,True,0.03683294370685708
2024-11-02,1717,75227193,15504724.34,1245494.72,0.08033001378726866,5,7,sector_restoran,6,Kecamatan A,True,-0.12616269129956315
2025-02-14,1795,92432567,42451477.57,37512032.67,0.8836449239757287,6,7,sector_pabrik,5,Kecamatan B,True,0.046361654166980126
2025-01-13,1984,83066195,11953659.06,6514.95,0.0005450172175146511,10,5,sector_restoran,5,Kecamatan A,True,0.0014645356967735168
2025-07-24,1144,74904184,18702196.36,3562342.2,0.19047721088091496,12,5,sector_restoran,8,Kecamatan D,True,-0.13774354092396063
2025-06-13,1504,60064951,16671924.78,11975391.07,0.7182968510250201,1,6,sector_pabrik,9,Kecamatan A,True,-0.13725643470209375
2025-08-26,1301,99010339,24127916.39,3878355.34,0.16074141162091451,10,8,sector_hotel,2,Kecamatan D,True,-0.12757952877521828
2025-08-24,1985,77322063,10987304.44,4725908.44,0.4301244646316545,5,8,sector_pabrik,4,Kecamatan D,True,-0.110818030867599
2025-03-28,1432,67271702,21292928.4,10285912.03,0.4830670463345004,11,8,sector_toko,7,Kecamatan C,True,-0.15145649891800966
2025-08-24,1558,58679337,8200035.34,3506718.18,0.4276467154835457,6,5,sector_restoran,2,Kecamatan B,True,-0.07395007564819078
2025-07-07,1061,80062701,14076874.32,9080071.59,0.6450346421790032,9,4,sector_restoran,8,Kecamatan A,True,-0.13471073180163418
2024-08-27,1808,82005655,15374164.7,369008.42,0.024001851625799223,2,2,sector_pabrik,5,Kecamatan B,True,-0.0911623734366786
2025-06-24,1630,50714417,20062772.58,10808127.04,0.538715523834144,3,4,sector_hotel,4,Kecamatan C,True,-0.1543363778186178
2025-04-18,1419,74716700,13819144.08,2536728.61,0.18356626107338478,3,8,sector_restoran,3,Kecamatan C,True,-0.1213067142759674
2025-03-03,1236,61640784,13043203.0,10120836.48,0.775947171871817,10,2,sector_toko,5,Kecamatan B,True,-0.11843592168344835
2025-06-10,1342,90171928,33794728.93,28700565.88,0.8492616093902784,4,1,sector_restoran,6,Kecamatan D,True,-0.044073209330187546
2025-02-14,1538,50770666,20560347.15,11971438.14,0.58225856074614,5,1,sector_restoran,4,Kecamatan C,True,-0.1469296324653055
2025-08-20,1566,91259974,23505362.42,10152806.89,0.4319357731477173,6,2,sector_restoran,3,Kecamatan A,True,-0.14482462243858646
2025-05-16,1492,86545138,22363827.3,1725156.37,0.0771404798855695,10,1,sector_parkir,7,Kecamatan D,True,-0.1355365513556569
2025-05-03,1576,87989225,26538480.0,12066547.9,0.4546811987724994,8,10,sector_pabrik,2,Kecamatan B,True,-0.14206751442060922
2025-01-20,1618,90149561,35489016.7,8439537.4,0.23780702270063175,10,5,sector_pabrik,7,Kecamatan A,True,-0.08635331438241556
2024-11-24,1766,95001684,20110411.15,3420900.35,0.1701059378887935,8,9,sector_pabrik,3,Kecamatan B,True,-0.13894523203619097
2025-06-21,1989,86025228,14014222.52,8596834.56,0.6134364248698971,2,8,sector_toko,4,Kecamatan B,True,-0.13543945841289207
2025-02-20,1993,71327688,27572988.72,17600608.06,0.638327902670683,11,8,sector_restoran,1,Kecamatan A,True,-0.11438738752459832
2025-08-26,1072,95882523,19622054.34,14877271.55,0.7581913337010971,7,3,sector_pabrik,7,Kecamatan A,True,-0.11347953586628728
2025-07-13,1517,87717628,43775033.23,30348382.11,0.6932806184416916,4,3,sector_toko,4,Kecamatan D,True,0.04581328767287085
2025-02-07,1480,60122259,27400669.28,5755198.9,0.21003862501273912,12,9,sector_parkir,9,Kecamatan D,True,-0.1429457125513134
2025-05-07,1466,94980877,15182018.87,7188102.14,0.4734615469490587,12,3,sector_restoran,2,Kecamatan C,True,-0.12222895760326608
2025-08-14,1101,55576100,17407183.87,13814982.41,0.7936368405810376,1,3,sector_parkir,1,Kecamatan D,True,-0.11076178014976906
2024-11-15,1142,72183776,16360049.56,4220747.46,0.2579911169902348,4,5,sector_toko,6,Kecamatan C,True,-0.1400006113736169
2024-09-03,1856,55725924,9819200.67,5407881.13,0.5507455557479711,2,9,sector_parkir,2,Kecamatan B,True,-0.09775963141692906
2025-06-21,1421,88264293,24001318.75,11444466.88,0.47682658603915257,1,3,sector_restoran,1,Kecamatan B,True,-0.15256021893142846
2025-08-18,1188,63267921,24768380.04,15622486.21,0.6307431565879672,12,9,sector_pabrik,6,Kecamatan D,True,-0.12613146372037054
2025-05-28,1022,93133348,19396336.28,11669055.74,0.6016113337874136,10,5,sector_restoran,10,Kecamatan D,True,-0.1543537322705641
2025-08-07,1006,90344975,10162594.67,5732724.69,0.5641004956069945,10,7,sector_hotel,2,Kecamatan C,True,-0.10235698450037234
2025-08-26,1631,82935049,12890601.52,4231580.03,0.32826862450403327,9,10,sector_toko,8,Kecamatan C,True,-0.11972330497216649
2025-01-24,1170,75107370,10120615.74,1483960.43,0.1466274847423463,5,8,sector_hotel,8,Kecamatan B,True,-0.07791018566750585
2024-11-23,1056,95129027,45559108.86,3967387.84,0.08708220900877384,10,10,sector_parkir,9,Kecamatan B,True,0.02268682824146595
2024-11-16,1192,55877059,11549416.14,4005414.79,0.3468066906107688,11,3,sector_pabrik,8,Kecamatan D,True,-0.11970010852098972
2024-11-19,1703,72307174,9564534.88,1189917.97,0.12440939208535773,7,7,sector_pabrik,9,Kecamatan B,True,-0.07114301816379098
2024-11-01,1769,80530252,26662986.87,20517529.81,0.7695135548780322,3,5,sector_pabrik,3,Kecamatan B,True,-0.08365557903585596
2025-02-12,1385,68873114,15816291.3,1057355.96,0.06685233218991105,3,6,sector_toko,7,Kecamatan A,True,-0.11996705486727116
2025-05-29,1342,79497881,35541526.36,32867788.29,0.924771433761237,8,7,sector_toko,9,Kecamatan D,False,-0.020533255510485238
2025-04-26,1428,71858304,31090014.92,8555103.1,0.27517204871125867,1,6,sector_pabrik,9,Kecamatan A,True,-0.12328078111800128
2025-05-09,1444,70225847,33108608.43,7878795.25,0.2379681787791768,8,9,sector_parkir,4,Kecamatan B,True,-0.11390436588539055
2025-08-18,1468,66971240,23782578.84,9314511.61,0.3916527165815126,4,1,sector_pabrik,10,Kecamatan D,True,-0.14314289799280655
2025-08-04,1632,69927050,29912162.94,18221411.85,0.609163967398474,11,1,sector_parkir,3,Kecamatan A,True,-0.09869145000047141
2025-06-26,1007,77809137,29098066.87,2078564.94,0.07143309379575977,2,8,sector_pabrik,1,Kecamatan D,True,-0.1036033472900525
2024-10-04,1365,66232652,31287140.82,22240989.59,0.7108667972556528,12,9,sector_hotel,6,Kecamatan A,True,-0.08466874439415972
2024-11-13,1054,78058228,15097217.41,9616166.22,0.6369495754648472,2,6,sector_pabrik,10,Kecamatan B,True,-0.1437689340294533
2025-07-07,1884,97404283,13991221.31,1984035.39,0.1418057327548627,8,1,sector_parkir,9,Kecamatan C,True,-0.11327394507908883
2025-08-04,1764,59804860,12083664.96,9169711.82,0.7588518756812668,2,4,sector_restoran,4,Kecamatan A,True,-0.12032975814829622
2025-06-10,1410,85638984,18141902.96,15073331.31,0.8308572338433454,1,8,sector_restoran,9,Kecamatan B,True,-0.103114480234263
2025-08-01,1547,52469456,14498384.8,2960943.4,0.20422574244270297,8,1,sector_hotel,10,Kecamatan A,True,-0.12306226788164748
2025-01-28,1787,96791110,21116857.78,4559036.25,0.21589557961212918,2,8,sector_parkir,8,Kecamatan D,True,-0.1436188721679144
2024-12-09,1448,61233256,21282934.71,9813201.54,0.4610831012599577,4,9,sector_restoran,2,Kecamatan B,True,-0.14703875902362618
2024-08-28,1724,89035995,23695137.07,23468337.15,0.9904284191591721,12,3,sector_toko,1,Kecamatan A,False,-0.02559933417600102
2024-09-09,1567,71592127,27639586.59,4938296.41,0.1786675207286449,2,1,sector_pabrik,3,Kecamatan B,True,-0.14105686390133054
2024-12-28,1195,68408456,12478916.08,7543336.53,0.6044865180309795,2,9,sector_pabrik,2,Kecamatan A,True,-0.11971513566518122
2025-06-05,1362,73388491,18338568.78,6063422.74,0.3306377292983057,10,1,sector_toko,3,Kecamatan B,True,-0.12838908450628966
2024-09-18,1857,71017743,22263173.63,4160476.03,0.18687704184248416,2,9,sector_pabrik,4,Kecamatan C,True,-0.13668295966901245
2025-02-11,1343,82365055,36881068.27,33460032.61,0.907241416247621,5,10,sector_restoran,9,Kecamatan C,False,-0.02451794463818502
2024-11-09,1418,85673356,22791447.6,15509489.19,0.6804960115828711,12,5,sector_restoran,4,Kecamatan B,True,-0.11615943924139999
2024-09-22,1337,65888070,31748928.0,12674761.86,0.39921857708077574,1,2,sector_hotel,9,Kecamatan B,True,-0.11624891418558597
2025-03-25,1078,62363286,12081772.99,7688051.81,0.6363347346753947,11,4,sector_toko,2,Kecamatan B,True,-0.1170223824875829
2024-12-30,1667,50867773,24729345.38,1495865.17,0.060489477057075254,10,6,sector_toko,7,Kecamatan D,True,-0.125178877336928
2025-04-11,1270,77894381,16757478.61,4918923.34,0.2935360058919986,4,9,sector_restoran,3,Kecamatan B,True,-0.13724888908576632
2024-12-21,1402,74549531,26707848.22,24289179.82,0.9094397878826945,6,1,sector_hotel,2,Kecamatan C,False,-0.06895027607278215
2025-08-22,1075,73488411,14422216.2,12710030.04,0.8812813414903599,1,8,sector_restoran,4,Kecamatan A,True,-0.11095652747519674
2025-01-16,1505,57866650,11200260.78,10904119.97,0.9735594718893681,8,7,sector_toko,5,Kecamatan B,False,-0.05094986044397165
2025-06-13,1233,84412976,19266051.45,4900768.22,0.2543732550864749,7,9,sector_parkir,4,Kecamatan B,True,-0.15101230034109187
2025-01-03,1080,95994885,24950402.51,16029825.29,0.642467602820248,7,4,sector_pabrik,4,Kecamatan C,True,-0.12211782074604605
2024-10-14,1463,78822126,11247091.28,5866324.92,0.5215859615571645,5,8,sector_toko,5,Kecamatan C,True,-0.11029933882973803
2024-10-25,1016,93612994,34158922.06,18739766.64,0.5486053279750362,3,6,sector_hotel,4,Kecamatan A,True,-0.07293025394764441
2025-01-06,1998,92966397,16664198.39,1390016.94,0.0834133696364377,2,4,sector_pabrik,7,Kecamatan D,True,-0.13305139699655677
2024-10-04,1342,89498400,28269295.24,16269722.02,0.5755262691154377,12,8,sector_restoran,1,Kecamatan A,True,-0.12751709053060012
2024-09-13,1852,79187640,11829234.66,7700359.01,0.6509600351439812,4,5,sector_restoran,8,Kecamatan D,True,-0.11318390626946956
2024-10-02,1537,70829309,14108055.78,8025433.08,0.568854646249492,11,4,sector_restoran,10,Kecamatan D,True,-0.1259615522735677
2025-04-21,1889,77892899,16608817.94,5635602.23,0.33931386630637006,4,8,sector_hotel,1,Kecamatan D,True,-0.12736467800999457
2025-08-06,1452,69708540,10339125.68,2477753.41,0.2396482533134272,9,5,sector_pabrik,1,Kecamatan A,True,-0.10022368263238995
2025-01-17,1787,78485992,12556497.36,12501755.61,0.9956403646311124,4,3,sector_hotel,7,Kecamatan D,False,-0.047303936492442133
2024-12-20,1929,83902426,25871392.14,19035663.47,0.735780408220429,12,9,sector_hotel,1,Kecamatan B,True,-0.09872788471371713
2025-02-02,1940,73108075,22618591.61,21836081.21,0.9654041059013577,11,8,sector_hotel,1,Kecamatan C,False,-0.04798117181726835
2024-12-21,1544,68145204,30248834.6,25696844.39,0.8495151872727024,6,2,sector_restoran,10,Kecamatan A,True,-0.07384900882204126
2025-02-11,1844,56396363,16163758.15,15440539.09,0.9552567507328115,11,1,sector_parkir,4,Kecamatan B,False,-0.05519551870642292
2024-12-26,1510,51960307,24315247.68,21676882.79,0.8914933985159389,6,1,sector_hotel,10,Kecamatan C,True,-0.07070213418426918
2024-11-23,1735,84550964,26990100.03,10121860.81,0.37502124107540774,3,9,sector_restoran,1,Kecamatan B,True,-0.13305732144258142
2025-01-03,1615,61985964,18312117.89,12338457.17,0.6737864644666723,11,7,sector_pabrik,4,Kecamatan D,True,-0.13107334518527047
2025-02-26,1276,58077082,15124165.4,5245943.07,0.3468583509408063,7,5,sector_parkir,7,Kecamatan D,True,-0.12711044934279303
2025-04-06,1100,56236043,11745677.66,924230.4,0.07868685202791441,1,7,sector_toko,4,Kecamatan C,True,-0.09257590727673343
2024-09-06,1834,69893501,27339880.49,11029304.55,0.4034145121458796,9,2,sector_parkir,1,Kecamatan D,True,-0.13658656729961838
2024-10-10,1163,61805620,17502167.22,4617878.68,0.2638461067108922,4,3,sector_hotel,8,Kecamatan D,True,-0.13641554088473423
2025-06-03,1571,51320219,13959801.27,10708322.44,0.7670827279620722,11,6,sector_pabrik,3,Kecamatan D,True,-0.13409341828007232
2025-08-22,1368,74349169,10933192.76,6321713.35,0.5782129235961627,5,6,sector_toko,2,Kecamatan A,True,-0.10719183728097259
2024-09-11,1983,63604491,23243062.17,11837224.61,0.5092799099973323,8,4,sector_toko,8,Kecamatan C,True,-0.14951904252943088
2025-07-03,1915,78955273,27209871.26,5546193.69,0.20383020694968185,7,5,sector_hotel,4,Kecamatan C,True,-0.14742431420255914
2025-05-05,1244,93686298,30513436.72,26419778.85,0.8658408127683365,8,2,sector_toko,1,Kecamatan C,True,-0.0737549147963098
2025-07-03,1211,82482292,9134736.09,6178026.37,0.67632237090716,12,10,sector_restoran,6,Kecamatan C,True,-0.08887153508785545
2025-03-29,1737,92019541,37794591.68,5333405.45,0.14111557270302014,7,9,sector_restoran,5,Kecamatan A,True,-0.05290487335805805
2025-04-06,1441,55423231,25386682.37,846742.43,0.0333538040795994,3,5,sector_toko,2,Kecamatan D,True,-0.11424992570175807
2025-05-19,1627,82314120,31302243.4,459560.66,0.014681396925052343,1,8,sector_parkir,8,Kecamatan D,True,-0.057854745398183915
2025-07-13,1695,74657143,13550697.4,6960236.43,0.5136441486768053,1,2,sector_toko,7,Kecamatan A,True,-0.11045596044507822
2025-01-29,1830,77017979,14129099.84,6689184.55,0.4734331716633973,8,5,sector_toko,9,Kecamatan C,True,-0.11713408783331336
2025-04-29,1150,99911918,18020394.25,11429507.97,0.6342540463563943,11,6,sector_pabrik,5,Kecamatan C,True,-0.14680000425043122
2025-07-21,1331,79972218,16924676.37,16328297.53,0.9647627625508326,10,2,sector_restoran,9,Kecamatan C,False,-0.05196830543940778
2024-12-07,1402,78441673,8993488.92,1541083.03,0.17135541542425117,6,7,sector_restoran,8,Kecamatan C,True,-0.08004642061694123
2025-05-12,1494,84268758,16788976.64,6257971.1,0.37274285587426964,4,10,sector_parkir,7,Kecamatan B,True,-0.13200482974124672
2025-01-20,1126,79445654,15410524.45,13587189.05,0.8816824563034259,3,4,sector_pabrik,10,Kecamatan D,True,-0.10339336754161321
2025-08-11,1597,53765419,20654532.96,3280541.38,0.15882912416142086,12,3,sector_parkir,7,Kecamatan A,True,-0.1311722811213985
2025-02-16,1437,91221768,40186891.72,36946176.94,0.9193589093035732,7,9,sector_parkir,7,Kecamatan C,False,0.024180956227416117
2025-06-12,1457,82040767,31024079.09,2552120.74,0.08226257845064049,2,4,sector_pabrik,8,Kecamatan A,True,-0.09571859672355637
2025-05-17,1637,82138960,25266989.61,5590073.24,0.2212401764627947,9,10,sector_toko,4,Kecamatan A,True,-0.14997047265446706
2025-05-23,1098,79368984,25717302.3,25430063.13,0.9888308980992924,8,1,sector_parkir,1,Kecamatan D,False,-0.016988245884063446
2024-10-26,1710,86809750,15204409.09,2467896.25,0.16231451254643925,11,4,sector_parkir,9,Kecamatan B,True,-0.11156783701507378
2025-02-24,1977,56698807,11454026.05,1931559.97,0.16863589811723886,3,3,sector_hotel,10,Kecamatan C,True,-0.10124282444986754
2025-03-15,1365,50027618,10258701.22,4703780.87,0.45851621653915364,12,9,sector_hotel,8,Kecamatan A,True,-0.11102190698555237
2024-11-05,1203,88946276,31886084.95,24263375.2,0.7609393012044898,5,1,sector_restoran,1,Kecamatan D,True,-0.061659292828601386
2025-08-16,1183,52538247,18240212.35,3177996.34,0.17423022709491645,6,7,sector_restoran,9,Kecamatan D,True,-0.1284427140153287
2025-08-20,1481,57918044,11142514.59,6454888.92,0.5793027119563323,10,7,sector_pabrik,2,Kecamatan C,True,-0.11090339024342699
2025-03-08,1697,86330441,30654700.88,30139519.95,0.9831940643617202,5,4,sector_restoran,8,Kecamatan C,False,0.005628890738129222
2025-04-03,1036,93055914,29157592.46,26713308.12,0.9161698846242808,2,4,sector_parkir,10,Kecamatan C,False,-0.05889305252232935
2024-11-24,1942,53973450,12134244.55,3492237.74,0.2878001778858166,11,9,sector_toko,6,Kecamatan C,True,-0.11219409182103424
2025-07-09,1245,78558266,37565876.28,14870359.27,0.3958475281972046,12,6,sector_parkir,10,Kecamatan B,True,-0.061312849064041
2024-11-01,1524,61283265,16220120.58,12348868.11,0.7613302286560436,3,6,sector_hotel,9,Kecamatan C,True,-0.12819672394365061
2025-05-16,1420,58641854,14552175.23,2441462.0,0.16777299348119518,11,5,sector_parkir,5,Kecamatan D,True,-0.11327990721367759
2025-07-14,1723,63979705,28159131.78,7798273.64,0.2769358693629438,9,2,sector_hotel,10,Kecamatan B,True,-0.12991763262852035
2025-01-08,1085,69122844,31064389.15,11425373.05,0.3677964821658179,6,1,sector_parkir,10,Kecamatan D,True,-0.121573023889684
2025-01-12,1264,65405589,13278805.71,10296374.57,0.7753991431809268,3,5,sector_hotel,8,Kecamatan B,True,-0.12272954515042533
2025-04-02,1457,70378971,26384605.06,18772062.1,0.7114778507129946,9,4,sector_toko,3,Kecamatan D,True,-0.11210637096955794
2024-11-11,1168,73351546,23545157.06,3126940.7,0.13280610921522562,11,2,sector_pabrik,3,Kecamatan D,True,-0.11872778356182517
2025-05-11,1602,83067644,31142614.97,5634252.86,0.18091778309006915,4,7,sector_parkir,8,Kecamatan D,True,-0.11794134881113338
2024-09-28,1125,85669940,23185957.19,1537229.7,0.06630003184267934,11,7,sector_hotel,2,Kecamatan A,True,-0.1320651274590623
2024-09-12,1497,76868258,12312602.57,485677.87,0.039445589771846264,2,1,sector_toko,1,Kecamatan A,True,-0.07878611521381229
2024-11-30,1277,57671598,12017204.71,5204305.91,0.4330712537225306,9,4,sector_pabrik,10,Kecamatan B,True,-0.11160944100574416
2025-01-25,1218,99435153,39182247.1,4174976.16,0.10655274949761623,3,7,sector_toko,1,Kecamatan A,True,-0.050635144428771706
2025-08-18,1212,62403101,30074357.58,14217821.54,0.47275561920747766,4,5,sector_toko,3,Kecamatan A,True,-0.12277802353356088
2024-12-04,1030,62230613,18205321.63,1969544.49,0.10818509719457234,10,9,sector_toko,9,Kecamatan D,True,-0.11911241349510632
2024-12-31,1934,58356337,22978612.35,10950114.01,0.4765350423782226,3,10,sector_toko,9,Kecamatan C,True,-0.1461579807885683
2024-09-11,1711,64704508,31142424.66,11789411.88,0.37856435421171863,5,6,sector_parkir,2,Kecamatan B,True,-0.12620370989417506
2024-12-15,1618,84751051,27236037.17,14635073.87,0.5373422638048191,2,10,sector_toko,10,Kecamatan C,True,-0.12749419246226223
2024-11-26,1426,98167534,10688913.44,9364162.45,0.8760630818617612,3,2,sector_hotel,5,Kecamatan A,True,-0.07855732653056313
2025-06-20,1668,83907943,36441743.65,32735891.31,0.8983074911125993,1,5,sector_pabrik,1,Kecamatan A,True,-0.029434137554779305
2025-05-17,1683,94866173,34728905.96,1012223.04,0.02914641311090699,7,8,sector_parkir,7,Kecamatan A,True,-0.0663574609665133
2025-02-13,1213,91317020,42547299.04,15430836.49,0.36267487803380904,4,9,sector_restoran,6,Kecamatan C,True,0.00040336898321491343
2024-10-29,1495,82701304,29044561.74,11559969.24,0.39800804513705845,9,6,sector_restoran,10,Kecamatan C,True,-0.12892217102342274
2025-03-10,1137,50326184,7553414.78,147867.11,0.01957619359015261,12,6,sector_parkir,8,Kecamatan D,True,0.010283303819558887
2024-12-12,1047,57275400,21534957.99,20917011.03,0.971304937753445,11,9,sector_hotel,2,Kecamatan A,False,-0.03592311775249768
2024-09-25,1536,81822818,38641240.61,18935695.77,0.4900385047445815,2,6,sector_restoran,7,Kecamatan A,True,-0.03697790018682179
2025-02-18,1562,80416224,12311276.54,10580737.63,0.8594346488459272,2,10,sector_restoran,7,Kecamatan C,True,-0.11037033729152962
2025-04-23,1887,54826769,23768993.84,23580416.68,0.992066253991675,2,6,sector_parkir,1,Kecamatan A,False,-0.03043730545044121
2025-08-15,1684,72469219,29278065.86,26005404.04,0.8882213792519968,7,4,sector_parkir,9,Kecamatan B,True,-0.06361349971645103
2025-05-27,1101,88195180,40263869.96,31109953.82,0.7726518551472095,7,10,sector_restoran,9,Kecamatan D,True,-2.1229946485012974e-05
2024-10-16,1301,91809898,41342645.27,39230763.36,0.9489175911166846,7,3,sector_toko,1,Kecamatan B,False,0.0699886684192409
2025-02-26,1676,80254887,38110692.11,14250896.96,0.37393435204134373,5,1,sector_restoran,7,Kecamatan D,True,-0.05860133320171135
2024-12-19,1319,95108959,39979105.37,28693570.72,0.7177141773045134,1,5,sector_toko,5,Kecamatan A,True,-0.006061587298526128
2025-04-22,1796,55560441,21158079.35,7291512.73,0.3446207290077112,3,4,sector_pabrik,8,Kecamatan D,True,-0.13827307880981682
2025-04-24,1286,99595082,11395771.36,10908978.08,0.9572829899247821,7,3,sector_pabrik,6,Kecamatan B,False,-0.057216442491536235
2025-03-23,1723,66802741,27760469.33,24737014.01,0.8910877448050697,10,3,sector_parkir,6,Kecamatan B,True,-0.07528636246870035
2024-11-10,1008,80673645,37346043.62,29893787.93,0.8004539445777041,8,7,sector_pabrik,3,Kecamatan D,True,-0.033989533064816224
2025-05-08,1276,76409759,33899903.21,15239877.51,0.44955519240256847,11,5,sector_restoran,3,Kecamatan A,True,-0.09195672213950623
2025-01-03,1034,55882833,9055669.52,388625.47,0.042915155985065144,4,6,sector_pabrik,10,Kecamatan C,True,-0.03837277964095809
2025-08-19,1944,86189355,9233119.42,3695107.73,0.4002014445947673,1,3,sector_toko,2,Kecamatan C,True,-0.09596329253768415
2024-12-09,1943,74253539,9750176.16,1739825.84,0.1784404518902559,6,3,sector_toko,3,Kecamatan D,True,-0.09108319738978676
2025-05-26,1497,87679636,14448501.59,10317890.63,0.7141149250480859,9,6,sector_pabrik,6,Kecamatan B,True,-0.14099740747250894
2025-05-01,1901,87816083,19180928.3,6387549.87,0.3330156794340345,11,8,sector_hotel,6,Kecamatan A,True,-0.13405196530567626
2025-01-25,1846,92856811,13866398.55,11120613.14,0.8019828003573429,7,9,sector_hotel,6,Kecamatan A,True,-0.125183230568494
2025-03-18,1445,54602088,26175219.58,4729517.73,0.18068684067940877,7,10,sector_restoran,8,Kecamatan A,True,-0.14558880145871317
2025-02-28,1449,73081731,31247947.85,21087281.66,0.6748373288775825,4,9,sector_parkir,4,Kecamatan B,True,-0.08211917296888682
2025-02-12,1937,71320226,26044383.56,14384576.18,0.5523101035146942,8,2,sector_pabrik,7,Kecamatan A,True,-0.13480858701774984
2025-03-01,1657,86511392,41492315.3,5484516.31,0.13218149602753068,10,2,sector_toko,6,Kecamatan B,True,-0.013970150187220143
2025-04-26,1083,86069806,18284367.38,4225370.59,0.23109197612282936,3,10,sector_pabrik,6,Kecamatan B,True,-0.13861966170842183
2024-12-19,1069,92455700,13132615.13,11425252.26,0.8699906413841582,10,2,sector_toko,7,Kecamatan A,True,-0.11427242181580344
2025-01-24,1228,67819129,20788394.22,11775710.36,0.5664559867096844,11,6,sector_hotel,2,Kecamatan B,True,-0.14841958904889657
2024-11-30,1600,88337809,32263379.61,16918312.2,0.5243812769929467,9,9,sector_hotel,5,Kecamatan C,True,-0.09250325333047538
2025-08-16,1638,71280193,24865747.01,5467616.24,0.21988546082292018,8,4,sector_hotel,8,Kecamatan A,True,-0.14930531284170073
2024-09-23,1558,56468404,20092192.91,1778362.89,0.08851014411248752,12,7,sector_pabrik,10,Kecamatan B,True,-0.14242419377995158
2024-10-22,1743,86526181,38003414.14,32648788.12,0.8591014480890006,9,3,sector_restoran,2,Kecamatan B,True,-0.02478417611730943
2025-04-08,1590,50414877,13369519.54,5535630.12,0.41404854553210074,3,2,sector_hotel,4,Kecamatan D,True,-0.11149770063242459
2024-10-29,1891,54620176,7573044.89,1981916.43,0.2617066792535545,10,4,sector_toko,8,Kecamatan D,True,-0.061931210064926856
2025-02-27,1220,75887919,15671699.5,4035448.53,0.2574991008473586,5,1,sector_toko,1,Kecamatan D,True,-0.13739093868535807
2025-02-08,1821,81908233,8772176.56,8414593.97,0.9592367313226993,8,5,sector_pabrik,7,Kecamatan B,False,-0.023669132707755614
2025-02-10,1390,64573806,20139136.44,667087.69,0.03312394709611491,12,8,sector_pabrik,7,Kecamatan B,True,-0.120531495848815
2024-11-18,1336,59196592,21178849.49,14751565.75,0.696523470595758,12,2,sector_toko,5,Kecamatan A,True,-0.1232206807420983
2025-05-28,1177,73611911,34626551.55,22431707.86,0.6478181296110037,2,4,sector_pabrik,8,Kecamatan B,True,-0.0507115215877304
2025-06-30,1642,92727887,27020133.64,19102925.38,0.7069885602534718,4,8,sector_restoran,10,Kecamatan B,True,-0.10865039967424861
2025-04-10,1951,68260066,19973537.22,2340027.4,0.11715638418100888,9,3,sector_toko,9,Kecamatan C,True,-0.12235269171044205
2025-07-17,1201,54657532,21355135.9,14414333.45,0.6749820519756093,2,2,sector_pabrik,6,Kecamatan B,True,-0.11935685449950162
2025-02-26,1035,59151803,20696758.21,15506450.97,0.749221245794319,9,4,sector_parkir,6,Kecamatan C,True,-0.10743175254044568
2025-05-19,1289,63543181,11509212.41,4713782.13,0.4095660034829438,12,1,sector_parkir,6,Kecamatan D,True,-0.12052409562059979
2025-07-13,1866,64128319,18381129.64,16396427.79,0.8920250338868726,6,3,sector_hotel,9,Kecamatan B,True,-0.08742254956285506
2024-09-16,1654,85885162,30709150.62,6745533.65,0.2196587503663102,4,8,sector_parkir,9,Kecamatan A,True,-0.11198194363370473
2025-01-05,1327,62788673,9689093.08,6509395.05,0.6718270736232828,1,10,sector_toko,1,Kecamatan D,True,-0.09170391256686794
2024-09-29,1532,94824974,34141472.43,12375935.64,0.3624898037240276,7,9,sector_pabrik,9,Kecamatan D,True,-0.10402280000335795
2025-01-01,1836,70592130,30831495.16,11029323.66,0.3577291209123444,5,3,sector_toko,1,Kecamatan A,True,-0.1231930012451194
2024-11-19,1416,90704937,24276306.5,12390808.16,0.51040746910985,4,7,sector_hotel,7,Kecamatan C,True,-0.149418857087235
2025-03-10,1055,76286223,33426095.17,3569614.69,0.10679125610830359,7,7,sector_toko,2,Kecamatan D,True,-0.08853886062227889
2024-10-01,1493,75376634,35774934.28,32249572.64,0.901457215479195,2,6,sector_restoran,3,Kecamatan A,False,-0.028616751022796594
2024-11-22,1322,74049689,8340319.42,4847555.41,0.5812193953118405,12,4,sector_pabrik,2,Kecamatan D,True,-0.09055647064741268
2025-07-20,1575,62429202,12469801.85,2104336.14,0.1687545772830384,1,2,sector_parkir,5,Kecamatan A,True,-0.10392512096622475
2024-09-10,1901,56600791,24981848.21,10454880.45,0.4184990782953764,3,5,sector_restoran,3,Kecamatan C,True,-0.1461609439808949
2024-11-10,1116,73394906,31254300.31,17339724.12,0.5547948265682996,2,10,sector_parkir,8,Kecamatan B,True,-0.10001190803485954
2025-04-13,1927,60925132,19970544.76,1425948.91,0.07140260454267146,2,1,sector_restoran,4,Kecamatan C,True,-0.14781543231121214
2024-09-26,1537,56592046,14826790.49,10020816.7,0.6758587913384617,5,6,sector_pabrik,3,Kecamatan B,True,-0.1408307512767824
2025-01-29,1718,68253801,23901561.42,3308683.5,0.13842959637069602,10,7,sector_pabrik,8,Kecamatan C,True,-0.1192488095810848
2025-03-01,1701,75662434,12872567.48,4658887.72,0.36192373644484477,3,8,sector_toko,9,Kecamatan B,True,-0.12027785147697734
2024-10-24,1892,80236417,15377228.69,10392283.43,0.6758229092839225,8,7,sector_restoran,5,Kecamatan B,True,-0.14319367582610187
2025-05-28,1223,68671491,24632025.0,9005123.09,0.36558598369399187,3,4,sector_toko,2,Kecamatan A,True,-0.1407955994289084
2025-06-02,1935,64824520,8947151.65,6613136.15,0.7391331240037716,8,9,sector_parkir,10,Kecamatan C,True,-0.08047539728158937
2025-05-06,1705,55107674,23249064.88,11244188.47,0.4836404615857393,9,3,sector_restoran,4,Kecamatan A,True,-0.14961622891279008
2024-09-24,1576,54864660,19536270.28,1377652.07,0.0705176602419528,9,6,sector_restoran,9,Kecamatan C,True,-0.1418651105873055
2025-07-13,1721,76058501,20645405.1,4871694.13,0.2359698977279937,2,9,sector_toko,7,Kecamatan B,True,-0.15183595512801962
2025-06-11,1554,68877463,14469437.47,1063892.66,0.07352688466333307,9,9,sector_restoran,8,Kecamatan C,True,-0.11533706231931151
2025-03-16,1502,98155977,36332699.94,2494247.06,0.06865019841957828,10,4,sector_pabrik,4,Kecamatan C,True,-0.062176566676562794
2025-04-26,1821,59288711,24640104.73,9605263.89,0.38982236460648356,7,5,sector_toko,6,Kecamatan A,True,-0.13923347077211284
2024-09-09,1060,60725535,25519707.96,12040015.89,0.47179285550100003,11,10,sector_parkir,10,Kecamatan D,True,-0.15045632971717948
2025-05-21,1286,66371521,33068427.89,6187334.77,0.18710701308758224,3,9,sector_toko,1,Kecamatan B,True,-0.09914326659833134
2025-01-16,1222,99041689,36527765.94,12161999.98,0.3329521986090563,6,2,sector_restoran,4,Kecamatan B,True,-0.07788089322700797
2025-04-16,1188,70503823,18508135.16,16699431.6,0.9022752133392136,4,9,sector_hotel,7,Kecamatan D,False,-0.08299973920608639
2024-11-02,1171,69327179,11895527.03,10568228.17,0.8884203401284694,10,10,sector_toko,10,Kecamatan B,True,-0.09877298689226344
2024-11-16,1853,66422807,10077780.74,6078252.66,0.6031340447678761,8,1,sector_parkir,7,Kecamatan B,True,-0.0979272096343633
2025-02-16,1072,79489986,14819202.74,8304216.93,0.5603686700084919,11,3,sector_restoran,7,Kecamatan C,True,-0.135604112179529
2025-05-30,1049,66521186,18567090.05,18247963.19,0.9828122307189435,12,3,sector_pabrik,9,Kecamatan D,False,-0.04066093370367785
2024-12-01,1654,65364023,24570950.03,17120449.21,0.6967760379267679,6,4,sector_toko,10,Kecamatan B,True,-0.1032085456482047
2024-09-16,1292,93674472,32272279.15,20595566.25,0.6381813368145708,5,5,sector_pabrik,10,Kecamatan A,True,-0.0761481985165039
2025-02-26,1703,62127837,26754866.92,12066609.81,0.4510061607138803,6,8,sector_restoran,6,Kecamatan B,True,-0.13942505450926035
2025-02-07,1433,63358421,12340539.03,9150043.47,0.7414622203905465,10,1,sector_hotel,9,Kecamatan B,True,-0.13049049001129454
2025-04-15,1102,68448972,13265397.09,10902429.13,0.8218697907067327,8,7,sector_hotel,3,Kecamatan D,True,-0.11286573187380067
2024-09-29,1764,76542325,35226025.63,21814851.89,0.6192822352181999,8,7,sector_hotel,6,Kecamatan A,True,-0.04563156252769118
2024-09-17,1226,67173848,8092048.31,4739797.49,0.5857351944059267,8,5,sector_hotel,1,Kecamatan B,True,-0.07736842858482562
2024-09-07,1004,72654681,31972704.96,16481182.61,0.515476642674402,12,9,sector_parkir,5,Kecamatan A,True,-0.09937796771332885
2025-08-09,1838,58324920,13899254.35,622687.48,0.044800063681113944,3,6,sector_toko,3,Kecamatan C,True,-0.09308899816455896
2025-05-25,1007,98198280,17611633.6,9311752.07,0.528727333391719,6,10,sector_parkir,9,Kecamatan C,True,-0.15054185234366757
2025-03-26,1243,60993070,21239082.58,1620825.09,0.07631332868992499,2,6,sector_toko,4,Kecamatan B,True,-0.13975505204778377
2024-08-28,1662,67747786,19631803.48,15917112.72,0.8107819913853376,3,3,sector_restoran,7,Kecamatan A,True,-0.09880805075639426
2025-02-18,1864,51366617,22782290.98,4114278.85,0.18059109391640296,6,9,sector_toko,1,Kecamatan A,True,-0.13705227538122072
2025-05-31,1424,65740063,15936793.2,10726567.18,0.6730693587716254,7,6,sector_hotel,7,Kecamatan A,True,-0.1376368817658169
2024-12-13,1511,96751850,16246377.66,10322351.09,0.6353632364102018,10,9,sector_pabrik,3,Kecamatan A,True,-0.14853239326734902
2024-09-26,1794,50433395,25000770.89,14705448.87,0.5881998173057135,4,10,sector_toko,6,Kecamatan D,True,-0.13658999423222773
2025-02-28,1798,93054748,17581566.66,401086.06,0.022812873719184248,5,2,sector_parkir,2,Kecamatan A,True,-0.10464362953745321
2024-09-28,1415,92172953,14119792.0,10711282.76,0.7586006054480122,1,5,sector_restoran,3,Kecamatan A,True,-0.13668349000986413
2025-01-06,1222,97662558,38247549.33,8321057.84,0.217557934711212,3,7,sector_pabrik,8,Kecamatan C,True,-0.05621094433964913
2024-10-12,1354,90899159,16744414.71,14449322.16,0.8629338445237301,6,10,sector_pabrik,6,Kecamatan A,True,-0.09344791035659966
2025-03-15,1280,76282342,28845975.71,16715568.38,0.5794766156654994,6,3,sector_pabrik,7,Kecamatan D,True,-0.11649483341700084
2024-12-29,1172,81584987,24011499.76,1195368.84,0.04978318105690871,6,7,sector_pabrik,4,Kecamatan C,True,-0.12656551818660944
2025-05-28,1574,52239051,10088990.78,8406365.87,0.8332216822582922,12,1,sector_hotel,9,Kecamatan A,True,-0.06947686335556935
2024-11-06,1467,77225907,28952750.56,11174671.95,0.38596236053090216,8,8,sector_pabrik,4,Kecamatan D,True,-0.13379191655497358
2025-05-28,1632,58256090,8764045.79,2240511.5,0.25564808236813197,1,10,sector_parkir,7,Kecamatan A,True,-0.10177711416719365
2025-08-26,1394,66937407,31525122.53,8839753.92,0.2804034754056196,12,2,sector_parkir,1,Kecamatan A,True,-0.1235433399428244
2024-10-04,1758,74322393,28392474.2,5306334.58,0.18689229204265687,3,9,sector_restoran,6,Kecamatan B,True,-0.13852300346790636
2025-04-28,1052,85709863,28212405.34,119038.32,0.00421936090047684,8,4,sector_restoran,8,Kecamatan D,True,-0.043942447447825383
2024-09-28,1589,94200870,29539981.92,8424241.0,0.2851809802326378,6,5,sector_parkir,8,Kecamatan A,True,-0.13358333090464658
2025-03-08,1045,88756934,21084095.22,7320526.51,0.34720610173757316,2,3,sector_hotel,5,Kecamatan D,True,-0.1394306546299393
2024-12-27,1903,96314160,36600978.16,3343738.02,0.09135652072966348,1,9,sector_restoran,7,Kecamatan B,True,-0.06789863320632206
2024-11-10,1689,97986385,24415581.78,13681388.21,0.5603547903661709,9,7,sector_restoran,3,Kecamatan B,True,-0.13061667177732833
2025-05-29,1270,62055054,26242356.52,3519117.4,0.13410066269460164,6,4,sector_restoran,7,Kecamatan C,True,-0.11756807197688923
2024-11-18,1840,57262731,15187696.57,9103876.27,0.5994244241080463,4,4,sector_restoran,7,Kecamatan B,True,-0.14362984348260582
2025-01-16,1521,52947942,26376094.58,24104351.87,0.9138711493807512,8,6,sector_pabrik,7,Kecamatan D,False,-0.07499359750610268
2024-10-05,1749,91315557,18787881.11,8271074.21,0.440234540636818,2,9,sector_restoran,5,Kecamatan A,True,-0.14525006995652123
2025-04-06,1558,75952208,11065147.61,7368298.15,0.6659014781999822,10,1,sector_hotel,2,Kecamatan C,True,-0.09872031883852944
2025-01-24,1873,98047685,45667942.16,968123.33,0.021199188844728975,11,4,sector_parkir,8,Kecamatan B,True,0.026724872051409276
2025-06-22,1708,58146598,13988274.99,9705786.45,0.6938515618929793,7,4,sector_pabrik,1,Kecamatan B,True,-0.13356155007983767
2024-09-15,1996,97073658,21033123.72,9482390.46,0.45083129763475766,1,4,sector_restoran,2,Kecamatan D,True,-0.1506481707479171
2025-08-13,1656,55741109,12471932.2,10226136.01,0.8199319757366866,6,9,sector_restoran,9,Kecamatan A,True,-0.11048638569467084
2024-12-24,1315,60118312,25180606.32,13286121.83,0.5276331181686971,12,9,sector_toko,5,Kecamatan D,True,-0.1329289190493072
2024-12-18,1295,55749344,14826465.08,461953.15,0.031157335717408915,12,8,sector_parkir,6,Kecamatan C,True,-0.09603917275535728
2024-12-28,1168,74729778,16888717.56,13625624.35,0.8067885735901904,4,1,sector_parkir,9,Kecamatan A,True,-0.10564360340185941
2024-12-02,1235,76920077,25661223.08,5769657.5,0.22483953637022044,3,5,sector_parkir,1,Kecamatan A,True,-0.15025736167483816
2024-09-02,1465,59006214,21567532.6,216287.54,0.010028385908177553,3,6,sector_hotel,10,Kecamatan A,True,-0.07745812926452567
2025-06-16,1762,64829359,9740887.16,8817583.6,0.9052136068476949,2,1,sector_pabrik,8,Kecamatan C,False,-0.06153838236011755
2025-03-22,1863,54110696,6210377.48,4767709.44,0.7677004264803562,5,4,sector_restoran,10,Kecamatan A,True,0.004459465121548156
2025-02-16,1975,53497503,21660544.41,5946528.17,0.2745327198357338,7,9,sector_pabrik,7,Kecamatan B,True,-0.14158060495820673
2025-06-02,1387,83633302,11614370.24,1262770.01,0.10872479384642038,1,1,sector_toko,1,Kecamatan B,True,-0.0851218828608532
2025-04-27,1735,97191858,37343494.55,31242964.23,0.836637401145416,9,10,sector_parkir,9,Kecamatan B,True,-0.0312567732263771
2024-09-06,1383,86369025,26307887.28,16089648.3,0.6115902857859592,5,3,sector_pabrik,10,Kecamatan D,True,-0.13489646665792104
2024-12-14,1144,75560712,20338716.66,13690281.72,0.673114334048646,5,7,sector_pabrik,4,Kecamatan A,True,-0.12164913066098892
2025-02-26,1599,77521702,8957669.14,4897831.21,0.546775185983259,9,1,sector_parkir,6,Kecamatan B,True,-0.09673249973922593
2025-02-04,1334,70611981,30048475.17,26310577.62,0.8756044182324477,5,4,sector_parkir,5,Kecamatan D,True,-0.06789701784724866
2025-03-11,1640,52987390,18052634.76,4323159.01,0.23947523823940697,8,5,sector_toko,2,Kecamatan D,True,-0.13603857962883964
2024-12-03,1956,96246170,16360292.53,10405271.18,0.6360076484524816,10,6,sector_pabrik,8,Kecamatan C,True,-0.14673630593327963
2025-02-14,1884,61855164,20906350.41,16526481.56,0.7905005529848479,10,3,sector_hotel,6,Kecamatan D,True,-0.09345038805889877
2025-05-08,1302,51996106,19977840.76,1095071.75,0.0548143196832649,9,6,sector_parkir,4,Kecamatan C,True,-0.13359772827640193
2024-08-29,1662,75952091,16213882.15,9432120.49,0.5817311611580944,7,3,sector_hotel,1,Kecamatan D,True,-0.14782549955683777
2025-07-13,1360,77372478,7827311.93,2535581.94,0.3239403211058691,12,4,sector_restoran,3,Kecamatan C,True,-0.06418506142651237
2025-05-13,1067,88004131,20012540.13,828342.12,0.04139115347772697,2,10,sector_toko,2,Kecamatan D,True,-0.12807846322780125
2024-09-10,1426,64990612,29883483.06,551523.88,0.018455809816166725,7,7,sector_pabrik,2,Kecamatan A,True,-0.07655740762743579
2025-04-23,1180,91304532,26891532.0,16022966.72,0.5958368872401915,1,9,sector_restoran,10,Kecamatan C,True,-0.13031286011327992
2025-03-29,1436,75091390,25356757.32,12894382.45,0.508518588842968,7,2,sector_parkir,4,Kecamatan B,True,-0.14362291907967878
2025-06-15,1652,69400958,32974807.22,13226331.66,0.40110413904036163,11,1,sector_restoran,6,Kecamatan B,True,-0.10278648058940876
2025-04-15,1310,86592036,41597185.29,38851455.22,0.933992407157893,5,1,sector_toko,4,Kecamatan D,False,0.055422960400752896
2024-12-03,1841,55280613,5604848.15,4933498.38,0.880219811129049,9,1,sector_parkir,9,Kecamatan B,True,0.030816907184746722
2024-11-20,1785,57895452,15562264.66,11399403.11,0.7325028431948026,10,10,sector_parkir,10,Kecamatan D,True,-0.13957874283733385
2024-10-10,1321,86977154,13143742.03,12300228.15,0.9358239169579929,6,8,sector_parkir,8,Kecamatan D,False,-0.07965064010098766
2024-09-15,1630,71737950,24066437.64,20303984.21,0.8436638821964014,9,3,sector_parkir,4,Kecamatan B,True,-0.07776739880822414
2025-01-01,1495,72519810,18673221.85,9546356.15,0.5112324068489552,1,2,sector_parkir,8,Kecamatan C,True,-0.15141012166582002
2025-07-28,1383,83139517,17991693.41,10712848.69,0.5954330393405698,12,2,sector_restoran,10,Kecamatan A,True,-0.14636077410032816
2024-10-03,1268,95286824,26197660.1,20245554.52,0.7728001066782296,12,2,sector_parkir,2,Kecamatan B,True,-0.08825048422991266
2025-05-14,1313,82821177,34140748.35,33461817.05,0.9801137545949545,12,2,sector_restoran,9,Kecamatan A,False,0.022596670608066693
2025-02-20,1157,94643949,15140229.96,10845270.39,0.7163213781199397,10,5,sector_parkir,8,Kecamatan C,True,-0.14222598403595033
2025-06-25,1705,72999738,21781513.27,725799.95,0.033321833106961164,7,9,sector_restoran,2,Kecamatan A,True,-0.11593107754445542
2025-04-02,1554,83835870,9431874.23,2257755.65,0.23937508017428258,2,7,sector_parkir,9,Kecamatan A,True,-0.1001119238603499
2024-11-18,1294,80072212,38494295.5,11495434.06,0.29862695006328926,10,2,sector_toko,1,Kecamatan B,True,-0.05322867927177921
2024-12-09,1366,91979399,21790590.86,6157437.86,0.2825732399621586,10,1,sector_restoran,1,Kecamatan A,True,-0.13805938999103234
2024-09-22,1109,79685114,29576614.35,19523297.6,0.6600923746365175,2,10,sector_hotel,10,Kecamatan A,True,-0.0911039760607899
2025-03-30,1337,59744960,19233451.39,1396268.45,0.07259583429347258,11,3,sector_parkir,2,Kecamatan A,True,-0.14257843758045147
2025-05-04,1517,97624725,24857686.28,7718238.84,0.31049707334225796,9,4,sector_pabrik,4,Kecamatan C,True,-0.13306817252150127
2025-04-14,1587,85542044,41001347.79,19651641.32,0.47929256912849405,4,10,sector_pabrik,8,Kecamatan A,True,-0.007622723529653763
2025-07-17,1825,86729000,29828370.6,7198269.56,0.24132292227856386,10,1,sector_hotel,6,Kecamatan C,True,-0.12816742549239074
2025-01-02,1596,60627191,25070403.7,7134233.26,0.2845679449509622,1,10,sector_restoran,4,Kecamatan D,True,-0.13853561076277343
2025-07-10,1005,62383126,16237674.22,4107470.76,0.25295930342910894,8,1,sector_restoran,2,Kecamatan D,True,-0.14071596435554712
2025-06-10,1011,60651021,25161303.79,11180776.53,0.4443639575801171,7,6,sector_parkir,10,Kecamatan B,True,-0.14654497106886416
2025-04-19,1173,53763764,21489886.66,386632.44,0.01799136710756389,7,4,sector_pabrik,2,Kecamatan C,True,-0.0990835904991737
2025-01-06,1558,58358429,8567168.07,241793.38,0.028223256276096377,7,5,sector_pabrik,9,Kecamatan D,True,-0.02014728138920252
2025-03-12,1251,96293286,23044214.57,19081075.74,0.8280202252950988,2,6,sector_restoran,10,Kecamatan B,True,-0.07371123017999104
2024-11-04,1387,91263940,23821062.32,22100648.06,0.9277776013139618,10,6,sector_hotel,6,Kecamatan C,False,-0.06604772905378065
2025-04-23,1554,93373334,20146916.96,387640.79,0.019240700240618847,9,6,sector_pabrik,6,Kecamatan D,True,-0.10577273360217465
2024-12-30,1953,71326545,26379745.16,21213206.2,0.8041475029927847,12,7,sector_toko,2,Kecamatan C,True,-0.08388647378928316
2025-03-26,1554,66468129,33143853.95,11988499.48,0.3617110882182125,10,1,sector_pabrik,10,Kecamatan B,True,-0.10879297547595596
2024-10-15,1693,87335357,16310670.74,4711095.13,0.288835156143922,2,5,sector_restoran,3,Kecamatan B,True,-0.13713179965594313
2025-01-10,1626,95685741,44020868.74,39619549.08,0.9000174284157028,5,4,sector_restoran,9,Kecamatan A,False,0.0781274109974216
2025-06-21,1902,70138641,28318252.32,15228107.46,0.5377488443820745,8,5,sector_restoran,10,Kecamatan D,True,-0.12982336373199616
2025-08-02,1104,63866288,13419960.57,4397625.38,0.32769286892174526,7,8,sector_hotel,9,Kecamatan C,True,-0.1230447043486465
2025-07-09,1818,59905593,16506983.47,11042984.31,0.6689886332090693,4,4,sector_parkir,4,Kecamatan A,True,-0.1373623470998519
2024-09-09,1005,81901482,35386899.92,14322057.04,0.4047276554990183,7,6,sector_hotel,7,Kecamatan D,True,-0.08347970006041405
2024-09-20,1097,53410577,8183223.42,2547049.75,0.31125262250263724,9,5,sector_toko,4,Kecamatan A,True,-0.07761459255140646
2025-06-27,1477,67848879,30968535.62,19251091.66,0.6216339027528096,3,1,sector_restoran,4,Kecamatan B,True,-0.08594492830992201
2025-02-07,1368,94874052,9552158.04,2689285.38,0.28153694366639687,3,4,sector_restoran,5,Kecamatan D,True,-0.09415513103746193
2025-07-17,1573,59983782,8716154.61,3454792.11,0.3963665474722459,11,4,sector_hotel,5,Kecamatan C,True,-0.09627125610556198
2025-04-01,1108,98463222,48952091.42,15676850.15,0.3202488329966434,3,2,sector_restoran,4,Kecamatan B,True,0.05893256509757072
2024-11-15,1703,54922694,7544893.5,1414344.78,0.187457222557217,12,1,sector_restoran,8,Kecamatan D,True,-0.047459896942856905
2024-12-16,1438,96316748,29753409.46,4840359.42,0.16268251295728983,8,4,sector_pabrik,3,Kecamatan A,True,-0.11882235749085729
2024-12-16,1991,72703486,28195440.41,23842797.14,0.8456259875105104,4,4,sector_restoran,7,Kecamatan C,True,-0.07989425791491211
2025-07-08,1098,86790486,14363085.05,7276673.76,0.5066233148845692,9,6,sector_toko,2,Kecamatan B,True,-0.1214317025062226
2025-03-26,1140,60723611,28044546.48,19692958.9,0.7022027941883123,9,8,sector_parkir,6,Kecamatan B,True,-0.10500371367971995
2025-05-14,1889,89690779,19847539.45,7977314.86,0.40192966388082935,12,8,sector_restoran,8,Kecamatan C,True,-0.14013886422250899
2025-08-12,1505,67408107,28822919.23,1986138.92,0.06890831924938229,12,1,sector_toko,8,Kecamatan B,True,-0.10780121957690753
2024-11-29,1479,84454550,15222139.03,4345953.78,0.28550217360614927,8,9,sector_pabrik,2,Kecamatan B,True,-0.13225470815532847
2025-04-09,1030,69115240,25982969.08,13533052.05,0.5208431726309857,5,6,sector_pabrik,6,Kecamatan A,True,-0.13873711469616523
2025-03-04,1006,87035779,14233782.64,12352884.24,0.8678567428229323,9,2,sector_pabrik,9,Kecamatan B,True,-0.12065395688232994
2025-06-16,1367,96986770,32686511.27,7730617.54,0.23650788168069917,5,8,sector_toko,6,Kecamatan B,True,-0.11136912442087571
2025-01-17,1619,89241546,33279826.26,19765474.2,0.5939175897608787,8,2,sector_toko,2,Kecamatan D,True,-0.0734832752679343
2025-04-19,1126,99057446,31126813.25,15214264.67,0.4887832412461947,2,2,sector_parkir,1,Kecamatan D,True,-0.11327710011275233
2024-09-05,1897,70409090,34742372.77,24803261.42,0.713919615801762,10,7,sector_toko,7,Kecamatan A,True,-0.05350627013443865
2025-02-02,1640,74933176,8904529.82,4582303.46,0.514603640240266,4,10,sector_parkir,4,Kecamatan C,True,-0.10236515787971895
2025-04-28,1482,71584726,35473441.5,26927.85,0.0007590988881076001,10,10,sector_restoran,2,Kecamatan C,True,0.006736770991661145
2025-07-08,1562,91346884,20183993.7,3777766.57,0.18716645606166632,1,10,sector_hotel,8,Kecamatan D,True,-0.14507072037793545
2025-03-13,1199,98200117,14731389.42,4255332.41,0.2888615790865435,3,1,sector_toko,2,Kecamatan A,True,-0.12929894547586485
2025-01-03,1565,96874761,9889661.75,1672211.91,0.16908686588800673,1,8,sector_hotel,5,Kecamatan A,True,-0.08726157085612296
2025-04-27,1302,73844568,30409905.54,8512292.46,0.2799184117426233,9,7,sector_restoran,5,Kecamatan A,True,-0.12890168270797087
2024-11-26,1709,53725948,26688464.5,24732172.82,0.9266989796284458,4,10,sector_hotel,1,Kecamatan A,False,-0.0585890773897757
2024-12-31,1288,69892178,11373713.29,1662107.75,0.14613589314418177,3,5,sector_restoran,1,Kecamatan C,True,-0.09120063744506224
2024-09-04,1304,71100106,19278028.08,8215681.64,0.42616815402003505,12,10,sector_toko,6,Kecamatan D,True,-0.14668735959810386
2024-10-14,1146,65991731,27042295.96,7669743.31,0.2836202710503875,8,2,sector_parkir,1,Kecamatan D,True,-0.13357313781218694
2025-06-12,1463,93202448,18503835.49,16446673.44,0.8888251005521667,12,9,sector_toko,5,Kecamatan B,True,-0.08836273852531329
2024-10-12,1044,64764263,18890465.73,2198300.21,0.11637088473201979,12,7,sector_hotel,9,Kecamatan B,True,-0.12341197507356316
2024-08-27,1760,90164539,17118802.98,10878364.44,0.6354629148258355,3,7,sector_toko,3,Kecamatan D,True,-0.1465461998550437
2024-12-25,1097,86263421,25297846.86,17975357.24,0.710548899259168,9,10,sector_hotel,5,Kecamatan A,True,-0.10252095436773401
2024-10-05,1673,86371486,35889161.11,22389869.4,0.623861597973138,7,7,sector_toko,8,Kecamatan C,True,-0.045985001899038314
2024-09-15,1415,61422235,23673325.11,5827508.29,0.24616348835332663,2,5,sector_restoran,8,Kecamatan B,True,-0.14601834323987067
2025-05-19,1287,88445881,38324209.51,10059153.45,0.26247517114150126,12,9,sector_hotel,6,Kecamatan B,True,-0.05584692291383164
2025-02-08,1670,89599100,11560146.18,3879682.62,0.33560843951196473,11,8,sector_hotel,9,Kecamatan B,True,-0.1210604540290765
2025-04-24,1454,51678850,11789070.75,8550476.68,0.7252884354774103,5,7,sector_restoran,1,Kecamatan A,True,-0.11923119518479547
2025-03-07,1109,69324770,12120603.41,11992878.93,0.989462201205707,7,8,sector_restoran,7,Kecamatan D,False,-0.04635815280116706
2025-05-20,1542,82363035,14882332.53,12547671.33,0.8431253168618724,10,6,sector_hotel,7,Kecamatan B,True,-0.1204919987949824
2024-10-23,1576,59945596,16596898.23,1296683.47,0.07812806055869874,8,1,sector_parkir,2,Kecamatan C,True,-0.13210870285048598
2024-12-02,1360,55294281,14937918.58,13630229.39,0.9124584069061114,11,7,sector_toko,4,Kecamatan C,False,-0.09325939321847143
2025-07-15,1965,88547880,17197502.92,6425576.71,0.3736342851570221,4,7,sector_hotel,1,Kecamatan C,True,-0.1324084045157531
2025-07-26,1875,51791059,19296520.99,4823165.65,0.24995001184407806,3,5,sector_toko,8,Kecamatan B,True,-0.15159601104070913
2024-08-27,1259,55750903,26905085.98,2465023.8,0.09161925004931724,6,4,sector_restoran,10,Kecamatan A,True,-0.12142937332537157
2025-03-10,1555,66892006,21078596.56,2177261.44,0.10329252394970645,7,4,sector_pabrik,3,Kecamatan A,True,-0.11925711885313439
2025-03-02,1744,57194407,16217368.73,5808929.94,0.3581918889994925,9,4,sector_hotel,10,Kecamatan A,True,-0.13089306672793355
2024-12-16,1641,64082471,24422600.79,15413982.93,0.6311360146504692,9,6,sector_toko,3,Kecamatan C,True,-0.13459770315438147
2024-10-21,1562,66752592,10009465.6,929529.78,0.09286507563400788,7,3,sector_parkir,2,Kecamatan D,True,-0.06521294603558225
2025-08-12,1156,71398578,15523555.07,1884751.11,0.12141233767014942,7,8,sector_hotel,1,Kecamatan D,True,-0.11850386394978463
2025-06-04,1197,80952642,39146442.35,35799809.19,0.9145099028392294,5,6,sector_toko,5,Kecamatan D,False,0.009993178417854964
2025-04-16,1724,94884851,38952464.7,23576649.66,0.6052672107292866,3,5,sector_parkir,5,Kecamatan C,True,-0.013079985355893942
2025-02-04,1998,73716468,23091489.8,5792149.34,0.25083480495052335,10,10,sector_toko,5,Kecamatan B,True,-0.1519449970420964
2025-04-12,1096,92681379,30407195.67,10531795.32,0.3463586525471916,8,3,sector_parkir,4,Kecamatan C,True,-0.12168376292388028
2025-03-03,1689,87464823,22294449.32,17378511.85,0.7794994888889232,6,7,sector_toko,7,Kecamatan A,True,-0.08172582718131183
2025-04-02,1519,80229844,17552579.04,14229707.83,0.8106904288863981,4,4,sector_pabrik,5,Kecamatan D,True,-0.10509075922557759
2024-11-02,1840,94133759,28177151.37,5342022.4,0.18958702850592665,10,5,sector_toko,5,Kecamatan B,True,-0.13788334666380653
2025-03-17,1989,97729763,39576224.74,4460751.14,0.1127129019835862,10,4,sector_restoran,4,Kecamatan C,True,-0.0427416984016592
2025-03-29,1995,83505065,39183199.34,1525012.47,0.038920060017743306,4,9,sector_restoran,3,Kecamatan B,True,-0.03264107811444927
2025-01-06,1973,92961759,15725425.76,8778650.85,0.5582456706723851,5,3,sector_pabrik,3,Kecamatan C,True,-0.14153569994284115
2025-08-10,1916,69337055,33207345.29,2913576.66,0.08773892145113417,11,7,sector_parkir,7,Kecamatan C,True,-0.09199242984596168
2025-06-11,1919,63210483,25198902.58,14774022.52,0.5862962671924422,7,2,sector_pabrik,5,Kecamatan D,True,-0.1386783343027057
2025-05-31,1346,57222001,13578941.04,10081220.62,0.742415818015806,3,6,sector_hotel,7,Kecamatan B,True,-0.13668220237729034
2025-03-27,1661,71311804,13759303.66,3654725.24,0.26561847389303134,12,5,sector_parkir,7,Kecamatan B,True,-0.1264872043416151
2025-01-09,1516,67308230,16175388.33,9114725.88,0.5634934812102901,7,9,sector_restoran,1,Kecamatan D,True,-0.14248464984186687
2024-09-27,1286,67988571,18062853.48,1163439.44,0.0644106116062012,5,6,sector_parkir,6,Kecamatan A,True,-0.13270292585400045
2024-10-17,1485,50877654,24573673.72,18269688.67,0.7434659090118334,1,8,sector_hotel,2,Kecamatan B,True,-0.09708664886258184
2024-12-12,1021,91641944,17413400.22,10452645.28,0.6002644600102116,10,4,sector_parkir,7,Kecamatan A,True,-0.14756908114445422
2024-11-05,1448,66964090,12758227.36,1828582.33,0.14332573628002818,8,5,sector_toko,7,Kecamatan B,True,-0.10274090875498637
2025-01-30,1365,72293547,9299848.65,2331760.58,0.2507310245312433,1,6,sector_pabrik,10,Kecamatan C,True,-0.1057699033801574
2024-11-12,1401,87139090,43435594.69,39132160.83,0.9009237955480148,7,9,sector_parkir,2,Kecamatan A,False,0.06540100656421965
2025-03-23,1593,91403139,19030078.04,18449629.17,0.9694983452626977,7,7,sector_restoran,8,Kecamatan D,False,-0.040392486671098626
2024-11-17,1493,95502238,44354766.34,3091492.27,0.06969921217265057,10,4,sector_parkir,5,Kecamatan B,True,0.011793953178394823
2024-12-01,1837,58360916,16833483.42,4251971.36,0.25259010591641406,8,2,sector_toko,4,Kecamatan C,True,-0.13835574347254492
2025-02-17,1904,52029371,17106483.1,17063661.48,0.997496760745638,4,3,sector_parkir,1,Kecamatan C,False,-0.027062208955129674
2025-02-09,1683,96255948,28156964.59,26550608.14,0.9429499424603993,11,7,sector_hotel,10,Kecamatan C,False,-0.03892396164580314
2025-06-02,1425,67128977,16915181.04,3349872.46,0.19803940921935295,2,7,sector_hotel,8,Kecamatan B,True,-0.1347363007896954
2025-08-13,1464,69164330,20325832.75,1334947.9,0.06567740256546192,8,9,sector_parkir,5,Kecamatan C,True,-0.14284244747406677
2025-05-25,1999,61883251,9207688.13,4198075.95,0.455931596588513,4,9,sector_hotel,3,Kecamatan C,True,-0.10586897321711702
2024-09-14,1298,54203932,18617598.88,2941983.33,0.15802163044561202,12,6,sector_hotel,2,Kecamatan B,True,-0.12499213595947067
2024-10-14,1167,59472192,7397918.46,1927888.65,0.2605987968675178,6,3,sector_toko,10,Kecamatan C,True,-0.0515848785481583
2024-11-10,1010,53153645,9395778.01,9056875.58,0.9639303493931739,12,9,sector_parkir,1,Kecamatan B,False,-0.03048039174065187
2024-11-10,1896,92432314,43307141.81,34691880.95,0.8010660482329347,12,9,sector_restoran,4,Kecamatan C,True,0.03389713730078525
2024-10-07,1995,73496523,17534223.23,12044136.75,0.686893088562555,9,4,sector_toko,7,Kecamatan B,True,-0.13246728517892864
2025-06-20,1798,89453967,9473570.99,8534701.82,0.9008959587687642,7,5,sector_toko,10,Kecamatan A,False,-0.059741640399518126
2024-10-29,1625,67041083,24197190.47,1983532.55,0.08197367179711257,1,2,sector_hotel,1,Kecamatan D,True,-0.1295591758884656
2025-04-20,1364,95507678,19356223.81,1491170.32,0.07703828673594988,8,6,sector_hotel,2,Kecamatan A,True,-0.14156864852468515
2025-08-18,1690,78120938,25440812.78,4791650.63,0.18834502936033948,5,8,sector_restoran,10,Kecamatan D,True,-0.14756191473930658
2025-05-07,1148,93808863,22048080.67,11547982.35,0.5237636111207135,12,10,sector_toko,7,Kecamatan D,True,-0.14641450621001167
2025-03-25,1668,74558156,12102615.84,7083399.26,0.5852783690438942,12,9,sector_hotel,6,Kecamatan B,True,-0.11717661041489641
2025-03-24,1158,84170431,40651599.16,19122258.17,0.47039374994171823,11,1,sector_hotel,2,Kecamatan D,True,-0.013770353754992803
