tanggal,wp_id,omset,target_pajak,pajak_dibayar,rasio_pajakdibayar,bulan,kode_sector,nama_sektor,kode_kecamatan,nama_kecamatan
27/05/2025,1854,91951075,45404943.89,31371504.14,0.69,11,2,sector_hotel,10,Kecamatan D
03/12/2024,1042,51337357,16472778.86,6217351.21,0.38,1,4,sector_hotel,2,Kecamatan C
29/07/2025,1289,60061930,13778786.53,11860692.11,0.86,7,9,sector_hotel,5,Kecamatan D
11/09/2024,1054,62706766,15875745.5,12305433.89,0.78,1,2,sector_restoran,7,Kecamatan A
13/07/2025,1532,84220725,27984480.92,4300760.69,0.15,11,9,sector_hotel,6,Kecamatan C
02/09/2024,1365,93304728,34399568.83,32444137.3,0.94,2,2,sector_hotel,5,Kecamatan B
12/12/2024,1681,81018401,37868243.65,25914822.56,0.68,9,10,sector_hotel,3,Kecamatan C
17/11/2024,1521,60380082,23035755.84,16262663.14,0.71,9,1,sector_hotel,10,Kecamatan A
30/08/2024,1325,86544497,36423341.66,34907690.96,0.96,2,6,sector_toko,6,Kecamatan D
26/06/2025,1602,65136636,13537851.76,2233272.27,0.16,2,1,sector_pabrik,8,Kecamatan B
22/04/2025,1921,77465898,16513444.58,11303284.31,0.68,1,3,sector_restoran,1,Kecamatan D
30/04/2025,1677,87133323,22962061.14,697131.65,0.03,9,1,sector_toko,7,Kecamatan D
20/05/2025,1850,66260188,9637649.12,656009.51,0.07,3,6,sector_parkir,9,Kecamatan B
24/05/2025,1050,74650654,15589489.12,12565624.64,0.81,4,9,sector_restoran,2,Kecamatan C
04/10/2024,1928,75553485,29567781.91,1208631.72,0.04,7,4,sector_hotel,9,Kecamatan D
17/10/2024,1275,69518752,21347825.75,5351640.47,0.25,3,9,sector_pabrik,3,Kecamatan C
02/09/2024,1423,56131784,26623945.72,15652773.4,0.59,6,6,sector_hotel,10,Kecamatan A
31/08/2024,1349,98340232,42134850.51,7785861.45,0.18,10,5,sector_toko,2,Kecamatan C
13/10/2024,1006,89641888,27857268.56,1076609.7,0.04,10,9,sector_restoran,6,Kecamatan C
19/02/2025,1913,83774242,16711284.05,9797556.43,0.59,1,4,sector_parkir,9,Kecamatan B
20/03/2025,1292,72204086,20815962.76,4881392.51,0.23,12,8,sector_pabrik,5,Kecamatan B
05/08/2025,1890,96249943,26011392.52,17133541.21,0.66,2,7,sector_parkir,7,Kecamatan D
10/04/2025,1944,91690064,11164627.24,7745853.22,0.69,9,8,sector_parkir,10,Kecamatan C
07/03/2025,1808,99525687,19729256.5,1299467.3,0.07,5,3,sector_restoran,3,Kecamatan B
09/04/2025,1931,90632651,17689720.1,465743.94,0.03,3,10,sector_toko,10,Kecamatan C
31/07/2025,1993,70854267,7899630.29,5534910.62,0.7,5,2,sector_pabrik,5,Kecamatan C
30/11/2024,1333,50841009,19509417.51,5600367.59,0.29,1,6,sector_toko,2,Kecamatan A
04/01/2025,1494,63389073,30920831.93,18256777.91,0.59,5,5,sector_parkir,6,Kecamatan C
04/02/2025,1266,74252104,8603799.2,7887176.63,0.92,10,5,sector_hotel,10,Kecamatan A
21/04/2025,1477,56004164,19063801.42,1677779.46,0.09,10,8,sector_pabrik,4,Kecamatan A
16/02/2025,1185,52891968,20832667.08,829530.14,0.04,6,8,sector_parkir,10,Kecamatan A
27/07/2025,1948,93366891,17069039.48,1548467.26,0.09,8,3,sector_restoran,9,Kecamatan B
10/02/2025,1944,68840182,10798588.24,4802407.01,0.44,10,4,sector_hotel,7,Kecamatan B
09/06/2025,1517,87996827,40243125.11,32160898.19,0.8,10,10,sector_hotel,6,Kecamatan D
28/02/2025,1698,93945912,19788723.94,9130313.28,0.46,6,9,sector_toko,2,Kecamatan C
12/01/2025,1531,67285915,7893931.4,4945404.18,0.63,3,3,sector_hotel,9,Kecamatan A
28/04/2025,1436,63321402,13493614.38,9037460.52,0.67,3,4,sector_pabrik,2,Kecamatan C
04/11/2024,1841,57685870,14339667.95,805873.17,0.06,1,3,sector_parkir,2,Kecamatan A
21/07/2025,1470,91706364,41052467.77,37453504.88,0.91,11,4,sector_restoran,1,Kecamatan C
29/08/2024,1416,50804035,20237087.87,14636445.17,0.72,7,10,sector_toko,7,Kecamatan A
17/01/2025,1578,81376020,16944097.16,3432395.04,0.2,3,2,sector_hotel,4,Kecamatan C
25/02/2025,1214,56554887,21529624.54,212410.28,0.01,10,5,sector_toko,7,Kecamatan B
29/05/2025,1144,63261374,21756336.27,19556545.08,0.9,4,7,sector_pabrik,1,Kecamatan C
08/09/2024,1709,53897952,25977748.76,4686616.53,0.18,11,1,sector_hotel,10,Kecamatan A
07/11/2024,1822,82587693,40288550.65,4025532.58,0.1,7,8,sector_pabrik,5,Kecamatan D
01/07/2025,1144,83477337,16861510.66,12470123.41,0.74,7,9,sector_hotel,1,Kecamatan D
12/03/2025,1697,82546392,14927669.98,327941.81,0.02,12,1,sector_hotel,3,Kecamatan C
08/10/2024,1775,98466857,40315791.99,2441879.87,0.06,12,6,sector_toko,3,Kecamatan C
29/12/2024,1217,53079844,8684966.9,6211124.49,0.72,2,2,sector_parkir,6,Kecamatan D
27/02/2025,1870,95230545,33840439.52,3667622.79,0.11,2,3,sector_toko,5,Kecamatan C
05/02/2025,1148,58240034,12080413.32,8941635.37,0.74,9,6,sector_restoran,9,Kecamatan D
10/09/2024,1783,83623935,23567748.63,22064094.46,0.94,9,4,sector_toko,3,Kecamatan D
31/10/2024,1696,59224450,8574580.62,2426101.88,0.28,4,7,sector_pabrik,2,Kecamatan C
30/04/2025,1608,70194598,24913787.62,12909980.93,0.52,4,2,sector_hotel,2,Kecamatan B
22/03/2025,1479,82698544,23424759.78,1661498.55,0.07,9,2,sector_hotel,10,Kecamatan D
24/07/2025,1256,68962356,30200190.7,9521514.23,0.32,5,5,sector_restoran,10,Kecamatan D
02/03/2025,1879,79050908,15437643.7,13133291.51,0.85,3,3,sector_restoran,3,Kecamatan B
13/07/2025,1541,65209137,10274345.89,4564976.39,0.44,12,6,sector_parkir,3,Kecamatan A
04/08/2025,1669,66590625,11152340.78,3691052.15,0.33,5,3,sector_pabrik,3,Kecamatan B
05/02/2025,1239,78627766,26225729.34,8602579.91,0.33,3,6,sector_toko,4,Kecamatan C
31/12/2024,1001,55693558,18905068.86,621538.8,0.03,8,2,sector_parkir,2,Kecamatan B
05/03/2025,1243,99734127,37589221.62,19363134.02,0.52,6,2,sector_hotel,6,Kecamatan C
27/05/2025,1066,63523757,17966121.82,7191775.3,0.4,3,6,sector_hotel,8,Kecamatan A
02/08/2025,1564,73854735,16903006.46,1623708.77,0.1,11,3,sector_toko,1,Kecamatan D
22/05/2025,1810,69918315,20640818.09,406873.24,0.02,7,8,sector_pabrik,6,Kecamatan B
27/11/2024,1075,53866624,24812541.61,107641.63,0.0,3,7,sector_parkir,1,Kecamatan A
19/04/2025,1324,87527426,18379265.06,1683725.3,0.09,9,10,sector_toko,9,Kecamatan A
24/06/2025,1449,50373429,15576032.12,2232083.97,0.14,10,7,sector_restoran,4,Kecamatan B
09/01/2025,1989,78074122,22222622.48,5817381.96,0.26,9,4,sector_pabrik,3,Kecamatan A
10/01/2025,1769,50082183,19993455.18,2843159.48,0.14,1,10,sector_parkir,2,Kecamatan A
06/09/2024,1213,89219283,25187859.88,2321607.93,0.09,7,3,sector_pabrik,6,Kecamatan D
08/04/2025,1186,76522642,33346258.02,227894.85,0.01,11,10,sector_parkir,5,Kecamatan D
28/08/2024,1883,94646236,40391075.63,22201118.92,0.55,9,5,sector_pabrik,3,Kecamatan C
19/12/2024,1482,69161566,29027291.09,15197038.6,0.52,6,1,sector_parkir,7,Kecamatan C
07/03/2025,1558,70831387,21985346.58,6643499.91,0.3,12,7,sector_parkir,4,Kecamatan B
12/10/2024,1754,59866142,15727928.11,709947.59,0.05,4,2,sector_hotel,1,Kecamatan A
25/06/2025,1947,83964635,33626489.38,8919083.81,0.27,10,2,sector_hotel,5,Kecamatan D
18/03/2025,1522,62996105,29211059.24,25337838.81,0.87,8,10,sector_parkir,6,Kecamatan D
15/11/2024,1676,53250064,9150566.02,3931360.44,0.43,6,9,sector_hotel,1,Kecamatan C
20/07/2025,1462,50194944,10609331.58,1145335.61,0.11,4,3,sector_pabrik,4,Kecamatan B
03/02/2025,1027,72557623,30186887.7,25060422.32,0.83,1,1,sector_restoran,4,Kecamatan B
29/03/2025,1744,83184273,22147355.07,3019944.51,0.14,8,2,sector_parkir,4,Kecamatan B
29/09/2024,1042,85683238,16722189.43,1326613.98,0.08,10,8,sector_toko,3,Kecamatan D
30/12/2024,1710,79991058,32731931.64,15899321.38,0.49,9,5,sector_parkir,10,Kecamatan B
01/11/2024,1401,79710528,8451463.79,1890889.48,0.22,6,4,sector_hotel,7,Kecamatan C
19/02/2025,1627,71741903,7955793.18,5159289.45,0.65,1,10,sector_parkir,10,Kecamatan C
17/06/2025,1425,97889239,43810628.22,33656883.32,0.77,9,2,sector_parkir,5,Kecamatan A
02/11/2024,1717,75227193,15504724.34,1245494.72,0.08,5,7,sector_restoran,6,Kecamatan A
14/02/2025,1795,92432567,42451477.57,37512032.67,0.88,6,7,sector_pabrik,5,Kecamatan B
13/01/2025,1984,83066195,11953659.06,6514.95,0.0,10,5,sector_restoran,5,Kecamatan A
24/07/2025,1144,74904184,18702196.36,3562342.2,0.19,12,5,sector_restoran,8,Kecamatan D
13/06/2025,1504,60064951,16671924.78,11975391.07,0.72,1,6,sector_pabrik,9,Kecamatan A
26/08/2025,1301,99010339,24127916.39,3878355.34,0.16,10,8,sector_hotel,2,Kecamatan D
24/08/2025,1985,77322063,10987304.44,4725908.44,0.43,5,8,sector_pabrik,4,Kecamatan D
28/03/2025,1432,67271702,21292928.4,10285912.03,0.48,11,8,sector_toko,7,Kecamatan C
24/08/2025,1558,58679337,8200035.34,3506718.18,0.43,6,5,sector_restoran,2,Kecamatan B
07/07/2025,1061,80062701,14076874.32,9080071.59,0.65,9,4,sector_restoran,8,Kecamatan A
27/08/2024,1808,82005655,15374164.7,369008.42,0.02,2,2,sector_pabrik,5,Kecamatan B
24/06/2025,1630,50714417,20062772.58,10808127.04,0.54,3,4,sector_hotel,4,Kecamatan C
18/04/2025,1419,74716700,13819144.08,2536728.61,0.18,3,8,sector_restoran,3,Kecamatan C
03/03/2025,1236,61640784,13043203.0,10120836.48,0.78,10,2,sector_toko,5,Kecamatan B
10/06/2025,1342,90171928,33794728.93,28700565.88,0.85,4,1,sector_restoran,6,Kecamatan D
14/02/2025,1538,50770666,20560347.15,11971438.14,0.58,5,1,sector_restoran,4,Kecamatan C
20/08/2025,1566,91259974,23505362.42,10152806.89,0.43,6,2,sector_restoran,3,Kecamatan A
16/05/2025,1492,86545138,22363827.3,1725156.37,0.08,10,1,sector_parkir,7,Kecamatan D
03/05/2025,1576,87989225,26538480.0,12066547.9,0.45,8,10,sector_pabrik,2,Kecamatan B
20/01/2025,1618,90149561,35489016.7,8439537.4,0.24,10,5,sector_pabrik,7,Kecamatan A
24/11/2024,1766,95001684,20110411.15,3420900.35,0.17,8,9,sector_pabrik,3,Kecamatan B
21/06/2025,1989,86025228,14014222.52,8596834.56,0.61,2,8,sector_toko,4,Kecamatan B
20/02/2025,1993,71327688,27572988.72,17600608.06,0.64,11,8,sector_restoran,1,Kecamatan A
26/08/2025,1072,95882523,19622054.34,14877271.55,0.76,7,3,sector_pabrik,7,Kecamatan A
13/07/2025,1517,87717628,43775033.23,30348382.11,0.69,4,3,sector_toko,4,Kecamatan D
07/02/2025,1480,60122259,27400669.28,5755198.9,0.21,12,9,sector_parkir,9,Kecamatan D
07/05/2025,1466,94980877,15182018.87,7188102.14,0.47,12,3,sector_restoran,2,Kecamatan C
14/08/2025,1101,55576100,17407183.87,13814982.41,0.79,1,3,sector_parkir,1,Kecamatan D
15/11/2024,1142,72183776,16360049.56,4220747.46,0.26,4,5,sector_toko,6,Kecamatan C
03/09/2024,1856,55725924,9819200.67,5407881.13,0.55,2,9,sector_parkir,2,Kecamatan B
21/06/2025,1421,88264293,24001318.75,11444466.88,0.48,1,3,sector_restoran,1,Kecamatan B
18/08/2025,1188,63267921,24768380.04,15622486.21,0.63,12,9,sector_pabrik,6,Kecamatan D
28/05/2025,1022,93133348,19396336.28,11669055.74,0.6,10,5,sector_restoran,10,Kecamatan D
07/08/2025,1006,90344975,10162594.67,5732724.69,0.56,10,7,sector_hotel,2,Kecamatan C
26/08/2025,1631,82935049,12890601.52,4231580.03,0.33,9,10,sector_toko,8,Kecamatan C
24/01/2025,1170,75107370,10120615.74,1483960.43,0.15,5,8,sector_hotel,8,Kecamatan B
23/11/2024,1056,95129027,45559108.86,3967387.84,0.09,10,10,sector_parkir,9,Kecamatan B
16/11/2024,1192,55877059,11549416.14,4005414.79,0.35,11,3,sector_pabrik,8,Kecamatan D
19/11/2024,1703,72307174,9564534.88,1189917.97,0.12,7,7,sector_pabrik,9,Kecamatan B
01/11/2024,1769,80530252,26662986.87,20517529.81,0.77,3,5,sector_pabrik,3,Kecamatan B
12/02/2025,1385,68873114,15816291.3,1057355.96,0.07,3,6,sector_toko,7,Kecamatan A
29/05/2025,1342,79497881,35541526.36,32867788.29,0.92,8,7,sector_toko,9,Kecamatan D
26/04/2025,1428,71858304,31090014.92,8555103.1,0.28,1,6,sector_pabrik,9,Kecamatan A
09/05/2025,1444,70225847,33108608.43,7878795.25,0.24,8,9,sector_parkir,4,Kecamatan B
18/08/2025,1468,66971240,23782578.84,9314511.61,0.39,4,1,sector_pabrik,10,Kecamatan D
04/08/2025,1632,69927050,29912162.94,18221411.85,0.61,11,1,sector_parkir,3,Kecamatan A
26/06/2025,1007,77809137,29098066.87,2078564.94,0.07,2,8,sector_pabrik,1,Kecamatan D
04/10/2024,1365,66232652,31287140.82,22240989.59,0.71,12,9,sector_hotel,6,Kecamatan A
13/11/2024,1054,78058228,15097217.41,9616166.22,0.64,2,6,sector_pabrik,10,Kecamatan B
07/07/2025,1884,97404283,13991221.31,1984035.39,0.14,8,1,sector_parkir,9,Kecamatan C
04/08/2025,1764,59804860,12083664.96,9169711.82,0.76,2,4,sector_restoran,4,Kecamatan A
10/06/2025,1410,85638984,18141902.96,15073331.31,0.83,1,8,sector_restoran,9,Kecamatan B
01/08/2025,1547,52469456,14498384.8,2960943.4,0.2,8,1,sector_hotel,10,Kecamatan A
28/01/2025,1787,96791110,21116857.78,4559036.25,0.22,2,8,sector_parkir,8,Kecamatan D
09/12/2024,1448,61233256,21282934.71,9813201.54,0.46,4,9,sector_restoran,2,Kecamatan B
28/08/2024,1724,89035995,23695137.07,23468337.15,0.99,12,3,sector_toko,1,Kecamatan A
09/09/2024,1567,71592127,27639586.59,4938296.41,0.18,2,1,sector_pabrik,3,Kecamatan B
28/12/2024,1195,68408456,12478916.08,7543336.53,0.6,2,9,sector_pabrik,2,Kecamatan A
05/06/2025,1362,73388491,18338568.78,6063422.74,0.33,10,1,sector_toko,3,Kecamatan B
18/09/2024,1857,71017743,22263173.63,4160476.03,0.19,2,9,sector_pabrik,4,Kecamatan C
11/02/2025,1343,82365055,36881068.27,33460032.61,0.91,5,10,sector_restoran,9,Kecamatan C
09/11/2024,1418,85673356,22791447.6,15509489.19,0.68,12,5,sector_restoran,4,Kecamatan B
22/09/2024,1337,65888070,31748928.0,12674761.86,0.4,1,2,sector_hotel,9,Kecamatan B
25/03/2025,1078,62363286,12081772.99,7688051.81,0.64,11,4,sector_toko,2,Kecamatan B
30/12/2024,1667,50867773,24729345.38,1495865.17,0.06,10,6,sector_toko,7,Kecamatan D
11/04/2025,1270,77894381,16757478.61,4918923.34,0.29,4,9,sector_restoran,3,Kecamatan B
21/12/2024,1402,74549531,26707848.22,24289179.82,0.91,6,1,sector_hotel,2,Kecamatan C
22/08/2025,1075,73488411,14422216.2,12710030.04,0.88,1,8,sector_restoran,4,Kecamatan A
16/01/2025,1505,57866650,11200260.78,10904119.97,0.97,8,7,sector_toko,5,Kecamatan B
13/06/2025,1233,84412976,19266051.45,4900768.22,0.25,7,9,sector_parkir,4,Kecamatan B
03/01/2025,1080,95994885,24950402.51,16029825.29,0.64,7,4,sector_pabrik,4,Kecamatan C
14/10/2024,1463,78822126,11247091.28,5866324.92,0.52,5,8,sector_toko,5,Kecamatan C
25/10/2024,1016,93612994,34158922.06,18739766.64,0.55,3,6,sector_hotel,4,Kecamatan A
06/01/2025,1998,92966397,16664198.39,1390016.94,0.08,2,4,sector_pabrik,7,Kecamatan D
04/10/2024,1342,89498400,28269295.24,16269722.02,0.58,12,8,sector_restoran,1,Kecamatan A
13/09/2024,1852,79187640,11829234.66,7700359.01,0.65,4,5,sector_restoran,8,Kecamatan D
02/10/2024,1537,70829309,14108055.78,8025433.08,0.57,11,4,sector_restoran,10,Kecamatan D
21/04/2025,1889,77892899,16608817.94,5635602.23,0.34,4,8,sector_hotel,1,Kecamatan D
06/08/2025,1452,69708540,10339125.68,2477753.41,0.24,9,5,sector_pabrik,1,Kecamatan A
17/01/2025,1787,78485992,12556497.36,12501755.61,1.0,4,3,sector_hotel,7,Kecamatan D
20/12/2024,1929,83902426,25871392.14,19035663.47,0.74,12,9,sector_hotel,1,Kecamatan B
02/02/2025,1940,73108075,22618591.61,21836081.21,0.97,11,8,sector_hotel,1,Kecamatan C
21/12/2024,1544,68145204,30248834.6,25696844.39,0.85,6,2,sector_restoran,10,Kecamatan A
11/02/2025,1844,56396363,16163758.15,15440539.09,0.96,11,1,sector_parkir,4,Kecamatan B
26/12/2024,1510,51960307,24315247.68,21676882.79,0.89,6,1,sector_hotel,10,Kecamatan C
23/11/2024,1735,84550964,26990100.03,10121860.81,0.38,3,9,sector_restoran,1,Kecamatan B
03/01/2025,1615,61985964,18312117.89,12338457.17,0.67,11,7,sector_pabrik,4,Kecamatan D
26/02/2025,1276,58077082,15124165.4,5245943.07,0.35,7,5,sector_parkir,7,Kecamatan D
06/04/2025,1100,56236043,11745677.66,924230.4,0.08,1,7,sector_toko,4,Kecamatan C
06/09/2024,1834,69893501,27339880.49,11029304.55,0.4,9,2,sector_parkir,1,Kecamatan D
10/10/2024,1163,61805620,17502167.22,4617878.68,0.26,4,3,sector_hotel,8,Kecamatan D
03/06/2025,1571,51320219,13959801.27,10708322.44,0.77,11,6,sector_pabrik,3,Kecamatan D
22/08/2025,1368,74349169,10933192.76,6321713.35,0.58,5,6,sector_toko,2,Kecamatan A
11/09/2024,1983,63604491,23243062.17,11837224.61,0.51,8,4,sector_toko,8,Kecamatan C
03/07/2025,1915,78955273,27209871.26,5546193.69,0.2,7,5,sector_hotel,4,Kecamatan C
05/05/2025,1244,93686298,30513436.72,26419778.85,0.87,8,2,sector_toko,1,Kecamatan C
03/07/2025,1211,82482292,9134736.09,6178026.37,0.68,12,10,sector_restoran,6,Kecamatan C
29/03/2025,1737,92019541,37794591.68,5333405.45,0.14,7,9,sector_restoran,5,Kecamatan A
06/04/2025,1441,55423231,25386682.37,846742.43,0.03,3,5,sector_toko,2,Kecamatan D
19/05/2025,1627,82314120,31302243.4,459560.66,0.01,1,8,sector_parkir,8,Kecamatan D
13/07/2025,1695,74657143,13550697.4,6960236.43,0.51,1,2,sector_toko,7,Kecamatan A
29/01/2025,1830,77017979,14129099.84,6689184.55,0.47,8,5,sector_toko,9,Kecamatan C
29/04/2025,1150,99911918,18020394.25,11429507.97,0.63,11,6,sector_pabrik,5,Kecamatan C
21/07/2025,1331,79972218,16924676.37,16328297.53,0.96,10,2,sector_restoran,9,Kecamatan C
07/12/2024,1402,78441673,8993488.92,1541083.03,0.17,6,7,sector_restoran,8,Kecamatan C
12/05/2025,1494,84268758,16788976.64,6257971.1,0.37,4,10,sector_parkir,7,Kecamatan B
20/01/2025,1126,79445654,15410524.45,13587189.05,0.88,3,4,sector_pabrik,10,Kecamatan D
11/08/2025,1597,53765419,20654532.96,3280541.38,0.16,12,3,sector_parkir,7,Kecamatan A
16/02/2025,1437,91221768,40186891.72,36946176.94,0.92,7,9,sector_parkir,7,Kecamatan C
12/06/2025,1457,82040767,31024079.09,2552120.74,0.08,2,4,sector_pabrik,8,Kecamatan A
17/05/2025,1637,82138960,25266989.61,5590073.24,0.22,9,10,sector_toko,4,Kecamatan A
23/05/2025,1098,79368984,25717302.3,25430063.13,0.99,8,1,sector_parkir,1,Kecamatan D
26/10/2024,1710,86809750,15204409.09,2467896.25,0.16,11,4,sector_parkir,9,Kecamatan B
24/02/2025,1977,56698807,11454026.05,1931559.97,0.17,3,3,sector_hotel,10,Kecamatan C
15/03/2025,1365,50027618,10258701.22,4703780.87,0.46,12,9,sector_hotel,8,Kecamatan A
05/11/2024,1203,88946276,31886084.95,24263375.2,0.76,5,1,sector_restoran,1,Kecamatan D
16/08/2025,1183,52538247,18240212.35,3177996.34,0.17,6,7,sector_restoran,9,Kecamatan D
20/08/2025,1481,57918044,11142514.59,6454888.92,0.58,10,7,sector_pabrik,2,Kecamatan C
08/03/2025,1697,86330441,30654700.88,30139519.95,0.98,5,4,sector_restoran,8,Kecamatan C
03/04/2025,1036,93055914,29157592.46,26713308.12,0.92,2,4,sector_parkir,10,Kecamatan C
24/11/2024,1942,53973450,12134244.55,3492237.74,0.29,11,9,sector_toko,6,Kecamatan C
09/07/2025,1245,78558266,37565876.28,14870359.27,0.4,12,6,sector_parkir,10,Kecamatan B
01/11/2024,1524,61283265,16220120.58,12348868.11,0.76,3,6,sector_hotel,9,Kecamatan C
16/05/2025,1420,58641854,14552175.23,2441462.0,0.17,11,5,sector_parkir,5,Kecamatan D
14/07/2025,1723,63979705,28159131.78,7798273.64,0.28,9,2,sector_hotel,10,Kecamatan B
08/01/2025,1085,69122844,31064389.15,11425373.05,0.37,6,1,sector_parkir,10,Kecamatan D
12/01/2025,1264,65405589,13278805.71,10296374.57,0.78,3,5,sector_hotel,8,Kecamatan B
02/04/2025,1457,70378971,26384605.06,18772062.1,0.71,9,4,sector_toko,3,Kecamatan D
11/11/2024,1168,73351546,23545157.06,3126940.7,0.13,11,2,sector_pabrik,3,Kecamatan D
11/05/2025,1602,83067644,31142614.97,5634252.86,0.18,4,7,sector_parkir,8,Kecamatan D
28/09/2024,1125,85669940,23185957.19,1537229.7,0.07,11,7,sector_hotel,2,Kecamatan A
12/09/2024,1497,76868258,12312602.57,485677.87,0.04,2,1,sector_toko,1,Kecamatan A
30/11/2024,1277,57671598,12017204.71,5204305.91,0.43,9,4,sector_pabrik,10,Kecamatan B
25/01/2025,1218,99435153,39182247.1,4174976.16,0.11,3,7,sector_toko,1,Kecamatan A
18/08/2025,1212,62403101,30074357.58,14217821.54,0.47,4,5,sector_toko,3,Kecamatan A
04/12/2024,1030,62230613,18205321.63,1969544.49,0.11,10,9,sector_toko,9,Kecamatan D
31/12/2024,1934,58356337,22978612.35,10950114.01,0.48,3,10,sector_toko,9,Kecamatan C
11/09/2024,1711,64704508,31142424.66,11789411.88,0.38,5,6,sector_parkir,2,Kecamatan B
15/12/2024,1618,84751051,27236037.17,14635073.87,0.54,2,10,sector_toko,10,Kecamatan C
26/11/2024,1426,98167534,10688913.44,9364162.45,0.88,3,2,sector_hotel,5,Kecamatan A
20/06/2025,1668,83907943,36441743.65,32735891.31,0.9,1,5,sector_pabrik,1,Kecamatan A
17/05/2025,1683,94866173,34728905.96,1012223.04,0.03,7,8,sector_parkir,7,Kecamatan A
13/02/2025,1213,91317020,42547299.04,15430836.49,0.36,4,9,sector_restoran,6,Kecamatan C
29/10/2024,1495,82701304,29044561.74,11559969.24,0.4,9,6,sector_restoran,10,Kecamatan C
10/03/2025,1137,50326184,7553414.78,147867.11,0.02,12,6,sector_parkir,8,Kecamatan D
12/12/2024,1047,57275400,21534957.99,20917011.03,0.97,11,9,sector_hotel,2,Kecamatan A
25/09/2024,1536,81822818,38641240.61,18935695.77,0.49,2,6,sector_restoran,7,Kecamatan A
18/02/2025,1562,80416224,12311276.54,10580737.63,0.86,2,10,sector_restoran,7,Kecamatan C
23/04/2025,1887,54826769,23768993.84,23580416.68,0.99,2,6,sector_parkir,1,Kecamatan A
15/08/2025,1684,72469219,29278065.86,26005404.04,0.89,7,4,sector_parkir,9,Kecamatan B
27/05/2025,1101,88195180,40263869.96,31109953.82,0.77,7,10,sector_restoran,9,Kecamatan D
16/10/2024,1301,91809898,41342645.27,39230763.36,0.95,7,3,sector_toko,1,Kecamatan B
26/02/2025,1676,80254887,38110692.11,14250896.96,0.37,5,1,sector_restoran,7,Kecamatan D
19/12/2024,1319,95108959,39979105.37,28693570.72,0.72,1,5,sector_toko,5,Kecamatan A
22/04/2025,1796,55560441,21158079.35,7291512.73,0.34,3,4,sector_pabrik,8,Kecamatan D
24/04/2025,1286,99595082,11395771.36,10908978.08,0.96,7,3,sector_pabrik,6,Kecamatan B
23/03/2025,1723,66802741,27760469.33,24737014.01,0.89,10,3,sector_parkir,6,Kecamatan B
10/11/2024,1008,80673645,37346043.62,29893787.93,0.8,8,7,sector_pabrik,3,Kecamatan D
08/05/2025,1276,76409759,33899903.21,15239877.51,0.45,11,5,sector_restoran,3,Kecamatan A
03/01/2025,1034,55882833,9055669.52,388625.47,0.04,4,6,sector_pabrik,10,Kecamatan C
19/08/2025,1944,86189355,9233119.42,3695107.73,0.4,1,3,sector_toko,2,Kecamatan C
09/12/2024,1943,74253539,9750176.16,1739825.84,0.18,6,3,sector_toko,3,Kecamatan D
26/05/2025,1497,87679636,14448501.59,10317890.63,0.71,9,6,sector_pabrik,6,Kecamatan B
01/05/2025,1901,87816083,19180928.3,6387549.87,0.33,11,8,sector_hotel,6,Kecamatan A
25/01/2025,1846,92856811,13866398.55,11120613.14,0.8,7,9,sector_hotel,6,Kecamatan A
18/03/2025,1445,54602088,26175219.58,4729517.73,0.18,7,10,sector_restoran,8,Kecamatan A
28/02/2025,1449,73081731,31247947.85,21087281.66,0.67,4,9,sector_parkir,4,Kecamatan B
12/02/2025,1937,71320226,26044383.56,14384576.18,0.55,8,2,sector_pabrik,7,Kecamatan A
01/03/2025,1657,86511392,41492315.3,5484516.31,0.13,10,2,sector_toko,6,Kecamatan B
26/04/2025,1083,86069806,18284367.38,4225370.59,0.23,3,10,sector_pabrik,6,Kecamatan B
19/12/2024,1069,92455700,13132615.13,11425252.26,0.87,10,2,sector_toko,7,Kecamatan A
24/01/2025,1228,67819129,20788394.22,11775710.36,0.57,11,6,sector_hotel,2,Kecamatan B
30/11/2024,1600,88337809,32263379.61,16918312.2,0.52,9,9,sector_hotel,5,Kecamatan C
16/08/2025,1638,71280193,24865747.01,5467616.24,0.22,8,4,sector_hotel,8,Kecamatan A
23/09/2024,1558,56468404,20092192.91,1778362.89,0.09,12,7,sector_pabrik,10,Kecamatan B
22/10/2024,1743,86526181,38003414.14,32648788.12,0.86,9,3,sector_restoran,2,Kecamatan B
08/04/2025,1590,50414877,13369519.54,5535630.12,0.41,3,2,sector_hotel,4,Kecamatan D
29/10/2024,1891,54620176,7573044.89,1981916.43,0.26,10,4,sector_toko,8,Kecamatan D
27/02/2025,1220,75887919,15671699.5,4035448.53,0.26,5,1,sector_toko,1,Kecamatan D
08/02/2025,1821,81908233,8772176.56,8414593.97,0.96,8,5,sector_pabrik,7,Kecamatan B
10/02/2025,1390,64573806,20139136.44,667087.69,0.03,12,8,sector_pabrik,7,Kecamatan B
18/11/2024,1336,59196592,21178849.49,14751565.75,0.7,12,2,sector_toko,5,Kecamatan A
28/05/2025,1177,73611911,34626551.55,22431707.86,0.65,2,4,sector_pabrik,8,Kecamatan B
30/06/2025,1642,92727887,27020133.64,19102925.38,0.71,4,8,sector_restoran,10,Kecamatan B
10/04/2025,1951,68260066,19973537.22,2340027.4,0.12,9,3,sector_toko,9,Kecamatan C
17/07/2025,1201,54657532,21355135.9,14414333.45,0.67,2,2,sector_pabrik,6,Kecamatan B
26/02/2025,1035,59151803,20696758.21,15506450.97,0.75,9,4,sector_parkir,6,Kecamatan C
19/05/2025,1289,63543181,11509212.41,4713782.13,0.41,12,1,sector_parkir,6,Kecamatan D
13/07/2025,1866,64128319,18381129.64,16396427.79,0.89,6,3,sector_hotel,9,Kecamatan B
16/09/2024,1654,85885162,30709150.62,6745533.65,0.22,4,8,sector_parkir,9,Kecamatan A
05/01/2025,1327,62788673,9689093.08,6509395.05,0.67,1,10,sector_toko,1,Kecamatan D
29/09/2024,1532,94824974,34141472.43,12375935.64,0.36,7,9,sector_pabrik,9,Kecamatan D
01/01/2025,1836,70592130,30831495.16,11029323.66,0.36,5,3,sector_toko,1,Kecamatan A
19/11/2024,1416,90704937,24276306.5,12390808.16,0.51,4,7,sector_hotel,7,Kecamatan C
10/03/2025,1055,76286223,33426095.17,3569614.69,0.11,7,7,sector_toko,2,Kecamatan D
01/10/2024,1493,75376634,35774934.28,32249572.64,0.9,2,6,sector_restoran,3,Kecamatan A
22/11/2024,1322,74049689,8340319.42,4847555.41,0.58,12,4,sector_pabrik,2,Kecamatan D
20/07/2025,1575,62429202,12469801.85,2104336.14,0.17,1,2,sector_parkir,5,Kecamatan A
10/09/2024,1901,56600791,24981848.21,10454880.45,0.42,3,5,sector_restoran,3,Kecamatan C
10/11/2024,1116,73394906,31254300.31,17339724.12,0.55,2,10,sector_parkir,8,Kecamatan B
13/04/2025,1927,60925132,19970544.76,1425948.91,0.07,2,1,sector_restoran,4,Kecamatan C
26/09/2024,1537,56592046,14826790.49,10020816.7,0.68,5,6,sector_pabrik,3,Kecamatan B
29/01/2025,1718,68253801,23901561.42,3308683.5,0.14,10,7,sector_pabrik,8,Kecamatan C
01/03/2025,1701,75662434,12872567.48,4658887.72,0.36,3,8,sector_toko,9,Kecamatan B
24/10/2024,1892,80236417,15377228.69,10392283.43,0.68,8,7,sector_restoran,5,Kecamatan B
28/05/2025,1223,68671491,24632025.0,9005123.09,0.37,3,4,sector_toko,2,Kecamatan A
02/06/2025,1935,64824520,8947151.65,6613136.15,0.74,8,9,sector_parkir,10,Kecamatan C
06/05/2025,1705,55107674,23249064.88,11244188.47,0.48,9,3,sector_restoran,4,Kecamatan A
24/09/2024,1576,54864660,19536270.28,1377652.07,0.07,9,6,sector_restoran,9,Kecamatan C
13/07/2025,1721,76058501,20645405.1,4871694.13,0.24,2,9,sector_toko,7,Kecamatan B
11/06/2025,1554,68877463,14469437.47,1063892.66,0.07,9,9,sector_restoran,8,Kecamatan C
16/03/2025,1502,98155977,36332699.94,2494247.06,0.07,10,4,sector_pabrik,4,Kecamatan C
26/04/2025,1821,59288711,24640104.73,9605263.89,0.39,7,5,sector_toko,6,Kecamatan A
09/09/2024,1060,60725535,25519707.96,12040015.89,0.47,11,10,sector_parkir,10,Kecamatan D
21/05/2025,1286,66371521,33068427.89,6187334.77,0.19,3,9,sector_toko,1,Kecamatan B
16/01/2025,1222,99041689,36527765.94,12161999.98,0.33,6,2,sector_restoran,4,Kecamatan B
16/04/2025,1188,70503823,18508135.16,16699431.6,0.9,4,9,sector_hotel,7,Kecamatan D
02/11/2024,1171,69327179,11895527.03,10568228.17,0.89,10,10,sector_toko,10,Kecamatan B
16/11/2024,1853,66422807,10077780.74,6078252.66,0.6,8,1,sector_parkir,7,Kecamatan B
16/02/2025,1072,79489986,14819202.74,8304216.93,0.56,11,3,sector_restoran,7,Kecamatan C
30/05/2025,1049,66521186,18567090.05,18247963.19,0.98,12,3,sector_pabrik,9,Kecamatan D
01/12/2024,1654,65364023,24570950.03,17120449.21,0.7,6,4,sector_toko,10,Kecamatan B
16/09/2024,1292,93674472,32272279.15,20595566.25,0.64,5,5,sector_pabrik,10,Kecamatan A
26/02/2025,1703,62127837,26754866.92,12066609.81,0.45,6,8,sector_restoran,6,Kecamatan B
07/02/2025,1433,63358421,12340539.03,9150043.47,0.74,10,1,sector_hotel,9,Kecamatan B
15/04/2025,1102,68448972,13265397.09,10902429.13,0.82,8,7,sector_hotel,3,Kecamatan D
29/09/2024,1764,76542325,35226025.63,21814851.89,0.62,8,7,sector_hotel,6,Kecamatan A
17/09/2024,1226,67173848,8092048.31,4739797.49,0.59,8,5,sector_hotel,1,Kecamatan B
07/09/2024,1004,72654681,31972704.96,16481182.61,0.52,12,9,sector_parkir,5,Kecamatan A
09/08/2025,1838,58324920,13899254.35,622687.48,0.04,3,6,sector_toko,3,Kecamatan C
25/05/2025,1007,98198280,17611633.6,9311752.07,0.53,6,10,sector_parkir,9,Kecamatan C
26/03/2025,1243,60993070,21239082.58,1620825.09,0.08,2,6,sector_toko,4,Kecamatan B
28/08/2024,1662,67747786,19631803.48,15917112.72,0.81,3,3,sector_restoran,7,Kecamatan A
18/02/2025,1864,51366617,22782290.98,4114278.85,0.18,6,9,sector_toko,1,Kecamatan A
31/05/2025,1424,65740063,15936793.2,10726567.18,0.67,7,6,sector_hotel,7,Kecamatan A
13/12/2024,1511,96751850,16246377.66,10322351.09,0.64,10,9,sector_pabrik,3,Kecamatan A
26/09/2024,1794,50433395,25000770.89,14705448.87,0.59,4,10,sector_toko,6,Kecamatan D
28/02/2025,1798,93054748,17581566.66,401086.06,0.02,5,2,sector_parkir,2,Kecamatan A
28/09/2024,1415,92172953,14119792.0,10711282.76,0.76,1,5,sector_restoran,3,Kecamatan A
06/01/2025,1222,97662558,38247549.33,8321057.84,0.22,3,7,sector_pabrik,8,Kecamatan C
12/10/2024,1354,90899159,16744414.71,14449322.16,0.86,6,10,sector_pabrik,6,Kecamatan A
15/03/2025,1280,76282342,28845975.71,16715568.38,0.58,6,3,sector_pabrik,7,Kecamatan D
29/12/2024,1172,81584987,24011499.76,1195368.84,0.05,6,7,sector_pabrik,4,Kecamatan C
28/05/2025,1574,52239051,10088990.78,8406365.87,0.83,12,1,sector_hotel,9,Kecamatan A
06/11/2024,1467,77225907,28952750.56,11174671.95,0.39,8,8,sector_pabrik,4,Kecamatan D
28/05/2025,1632,58256090,8764045.79,2240511.5,0.26,1,10,sector_parkir,7,Kecamatan A
26/08/2025,1394,66937407,31525122.53,8839753.92,0.28,12,2,sector_parkir,1,Kecamatan A
04/10/2024,1758,74322393,28392474.2,5306334.58,0.19,3,9,sector_restoran,6,Kecamatan B
28/04/2025,1052,85709863,28212405.34,119038.32,0.0,8,4,sector_restoran,8,Kecamatan D
28/09/2024,1589,94200870,29539981.92,8424241.0,0.29,6,5,sector_parkir,8,Kecamatan A
08/03/2025,1045,88756934,21084095.22,7320526.51,0.35,2,3,sector_hotel,5,Kecamatan D
27/12/2024,1903,96314160,36600978.16,3343738.02,0.09,1,9,sector_restoran,7,Kecamatan B
10/11/2024,1689,97986385,24415581.78,13681388.21,0.56,9,7,sector_restoran,3,Kecamatan B
29/05/2025,1270,62055054,26242356.52,3519117.4,0.13,6,4,sector_restoran,7,Kecamatan C
18/11/2024,1840,57262731,15187696.57,9103876.27,0.6,4,4,sector_restoran,7,Kecamatan B
16/01/2025,1521,52947942,26376094.58,24104351.87,0.91,8,6,sector_pabrik,7,Kecamatan D
05/10/2024,1749,91315557,18787881.11,8271074.21,0.44,2,9,sector_restoran,5,Kecamatan A
06/04/2025,1558,75952208,11065147.61,7368298.15,0.67,10,1,sector_hotel,2,Kecamatan C
24/01/2025,1873,98047685,45667942.16,968123.33,0.02,11,4,sector_parkir,8,Kecamatan B
22/06/2025,1708,58146598,13988274.99,9705786.45,0.69,7,4,sector_pabrik,1,Kecamatan B
15/09/2024,1996,97073658,21033123.72,9482390.46,0.45,1,4,sector_restoran,2,Kecamatan D
13/08/2025,1656,55741109,12471932.2,10226136.01,0.82,6,9,sector_restoran,9,Kecamatan A
24/12/2024,1315,60118312,25180606.32,13286121.83,0.53,12,9,sector_toko,5,Kecamatan D
18/12/2024,1295,55749344,14826465.08,461953.15,0.03,12,8,sector_parkir,6,Kecamatan C
28/12/2024,1168,74729778,16888717.56,13625624.35,0.81,4,1,sector_parkir,9,Kecamatan A
02/12/2024,1235,76920077,25661223.08,5769657.5,0.22,3,5,sector_parkir,1,Kecamatan A
02/09/2024,1465,59006214,21567532.6,216287.54,0.01,3,6,sector_hotel,10,Kecamatan A
16/06/2025,1762,64829359,9740887.16,8817583.6,0.91,2,1,sector_pabrik,8,Kecamatan C
22/03/2025,1863,54110696,6210377.48,4767709.44,0.77,5,4,sector_restoran,10,Kecamatan A
16/02/2025,1975,53497503,21660544.41,5946528.17,0.27,7,9,sector_pabrik,7,Kecamatan B
02/06/2025,1387,83633302,11614370.24,1262770.01,0.11,1,1,sector_toko,1,Kecamatan B
27/04/2025,1735,97191858,37343494.55,31242964.23,0.84,9,10,sector_parkir,9,Kecamatan B
06/09/2024,1383,86369025,26307887.28,16089648.3,0.61,5,3,sector_pabrik,10,Kecamatan D
14/12/2024,1144,75560712,20338716.66,13690281.72,0.67,5,7,sector_pabrik,4,Kecamatan A
26/02/2025,1599,77521702,8957669.14,4897831.21,0.55,9,1,sector_parkir,6,Kecamatan B
04/02/2025,1334,70611981,30048475.17,26310577.62,0.88,5,4,sector_parkir,5,Kecamatan D
11/03/2025,1640,52987390,18052634.76,4323159.01,0.24,8,5,sector_toko,2,Kecamatan D
03/12/2024,1956,96246170,16360292.53,10405271.18,0.64,10,6,sector_pabrik,8,Kecamatan C
14/02/2025,1884,61855164,20906350.41,16526481.56,0.79,10,3,sector_hotel,6,Kecamatan D
08/05/2025,1302,51996106,19977840.76,1095071.75,0.05,9,6,sector_parkir,4,Kecamatan C
29/08/2024,1662,75952091,16213882.15,9432120.49,0.58,7,3,sector_hotel,1,Kecamatan D
13/07/2025,1360,77372478,7827311.93,2535581.94,0.32,12,4,sector_restoran,3,Kecamatan C
13/05/2025,1067,88004131,20012540.13,828342.12,0.04,2,10,sector_toko,2,Kecamatan D
10/09/2024,1426,64990612,29883483.06,551523.88,0.02,7,7,sector_pabrik,2,Kecamatan A
23/04/2025,1180,91304532,26891532.0,16022966.72,0.6,1,9,sector_restoran,10,Kecamatan C
29/03/2025,1436,75091390,25356757.32,12894382.45,0.51,7,2,sector_parkir,4,Kecamatan B
15/06/2025,1652,69400958,32974807.22,13226331.66,0.4,11,1,sector_restoran,6,Kecamatan B
15/04/2025,1310,86592036,41597185.29,38851455.22,0.93,5,1,sector_toko,4,Kecamatan D
03/12/2024,1841,55280613,5604848.15,4933498.38,0.88,9,1,sector_parkir,9,Kecamatan B
20/11/2024,1785,57895452,15562264.66,11399403.11,0.73,10,10,sector_parkir,10,Kecamatan D
10/10/2024,1321,86977154,13143742.03,12300228.15,0.94,6,8,sector_parkir,8,Kecamatan D
15/09/2024,1630,71737950,24066437.64,20303984.21,0.84,9,3,sector_parkir,4,Kecamatan B
01/01/2025,1495,72519810,18673221.85,9546356.15,0.51,1,2,sector_parkir,8,Kecamatan C
28/07/2025,1383,83139517,17991693.41,10712848.69,0.6,12,2,sector_restoran,10,Kecamatan A
03/10/2024,1268,95286824,26197660.1,20245554.52,0.77,12,2,sector_parkir,2,Kecamatan B
14/05/2025,1313,82821177,34140748.35,33461817.05,0.98,12,2,sector_restoran,9,Kecamatan A
20/02/2025,1157,94643949,15140229.96,10845270.39,0.72,10,5,sector_parkir,8,Kecamatan C
25/06/2025,1705,72999738,21781513.27,725799.95,0.03,7,9,sector_restoran,2,Kecamatan A
02/04/2025,1554,83835870,9431874.23,2257755.65,0.24,2,7,sector_parkir,9,Kecamatan A
18/11/2024,1294,80072212,38494295.5,11495434.06,0.3,10,2,sector_toko,1,Kecamatan B
09/12/2024,1366,91979399,21790590.86,6157437.86,0.28,10,1,sector_restoran,1,Kecamatan A
22/09/2024,1109,79685114,29576614.35,19523297.6,0.66,2,10,sector_hotel,10,Kecamatan A
30/03/2025,1337,59744960,19233451.39,1396268.45,0.07,11,3,sector_parkir,2,Kecamatan A
04/05/2025,1517,97624725,24857686.28,7718238.84,0.31,9,4,sector_pabrik,4,Kecamatan C
14/04/2025,1587,85542044,41001347.79,19651641.32,0.48,4,10,sector_pabrik,8,Kecamatan A
17/07/2025,1825,86729000,29828370.6,7198269.56,0.24,10,1,sector_hotel,6,Kecamatan C
02/01/2025,1596,60627191,25070403.7,7134233.26,0.28,1,10,sector_restoran,4,Kecamatan D
10/07/2025,1005,62383126,16237674.22,4107470.76,0.25,8,1,sector_restoran,2,Kecamatan D
10/06/2025,1011,60651021,25161303.79,11180776.53,0.44,7,6,sector_parkir,10,Kecamatan B
19/04/2025,1173,53763764,21489886.66,386632.44,0.02,7,4,sector_pabrik,2,Kecamatan C
06/01/2025,1558,58358429,8567168.07,241793.38,0.03,7,5,sector_pabrik,9,Kecamatan D
12/03/2025,1251,96293286,23044214.57,19081075.74,0.83,2,6,sector_restoran,10,Kecamatan B
04/11/2024,1387,91263940,23821062.32,22100648.06,0.93,10,6,sector_hotel,6,Kecamatan C
23/04/2025,1554,93373334,20146916.96,387640.79,0.02,9,6,sector_pabrik,6,Kecamatan D
30/12/2024,1953,71326545,26379745.16,21213206.2,0.8,12,7,sector_toko,2,Kecamatan C
26/03/2025,1554,66468129,33143853.95,11988499.48,0.36,10,1,sector_pabrik,10,Kecamatan B
15/10/2024,1693,87335357,16310670.74,4711095.13,0.29,2,5,sector_restoran,3,Kecamatan B
10/01/2025,1626,95685741,44020868.74,39619549.08,0.9,5,4,sector_restoran,9,Kecamatan A
21/06/2025,1902,70138641,28318252.32,15228107.46,0.54,8,5,sector_restoran,10,Kecamatan D
02/08/2025,1104,63866288,13419960.57,4397625.38,0.33,7,8,sector_hotel,9,Kecamatan C
09/07/2025,1818,59905593,16506983.47,11042984.31,0.67,4,4,sector_parkir,4,Kecamatan A
09/09/2024,1005,81901482,35386899.92,14322057.04,0.4,7,6,sector_hotel,7,Kecamatan D
20/09/2024,1097,53410577,8183223.42,2547049.75,0.31,9,5,sector_toko,4,Kecamatan A
27/06/2025,1477,67848879,30968535.62,19251091.66,0.62,3,1,sector_restoran,4,Kecamatan B
07/02/2025,1368,94874052,9552158.04,2689285.38,0.28,3,4,sector_restoran,5,Kecamatan D
17/07/2025,1573,59983782,8716154.61,3454792.11,0.4,11,4,sector_hotel,5,Kecamatan C
01/04/2025,1108,98463222,48952091.42,15676850.15,0.32,3,2,sector_restoran,4,Kecamatan B
15/11/2024,1703,54922694,7544893.5,1414344.78,0.19,12,1,sector_restoran,8,Kecamatan D
16/12/2024,1438,96316748,29753409.46,4840359.42,0.16,8,4,sector_pabrik,3,Kecamatan A
16/12/2024,1991,72703486,28195440.41,23842797.14,0.85,4,4,sector_restoran,7,Kecamatan C
08/07/2025,1098,86790486,14363085.05,7276673.76,0.51,9,6,sector_toko,2,Kecamatan B
26/03/2025,1140,60723611,28044546.48,19692958.9,0.7,9,8,sector_parkir,6,Kecamatan B
14/05/2025,1889,89690779,19847539.45,7977314.86,0.4,12,8,sector_restoran,8,Kecamatan C
12/08/2025,1505,67408107,28822919.23,1986138.92,0.07,12,1,sector_toko,8,Kecamatan B
29/11/2024,1479,84454550,15222139.03,4345953.78,0.29,8,9,sector_pabrik,2,Kecamatan B
09/04/2025,1030,69115240,25982969.08,13533052.05,0.52,5,6,sector_pabrik,6,Kecamatan A
04/03/2025,1006,87035779,14233782.64,12352884.24,0.87,9,2,sector_pabrik,9,Kecamatan B
16/06/2025,1367,96986770,32686511.27,7730617.54,0.24,5,8,sector_toko,6,Kecamatan B
17/01/2025,1619,89241546,33279826.26,19765474.2,0.59,8,2,sector_toko,2,Kecamatan D
19/04/2025,1126,99057446,31126813.25,15214264.67,0.49,2,2,sector_parkir,1,Kecamatan D
05/09/2024,1897,70409090,34742372.77,24803261.42,0.71,10,7,sector_toko,7,Kecamatan A
02/02/2025,1640,74933176,8904529.82,4582303.46,0.51,4,10,sector_parkir,4,Kecamatan C
28/04/2025,1482,71584726,35473441.5,26927.85,0.0,10,10,sector_restoran,2,Kecamatan C
08/07/2025,1562,91346884,20183993.7,3777766.57,0.19,1,10,sector_hotel,8,Kecamatan D
13/03/2025,1199,98200117,14731389.42,4255332.41,0.29,3,1,sector_toko,2,Kecamatan A
03/01/2025,1565,96874761,9889661.75,1672211.91,0.17,1,8,sector_hotel,5,Kecamatan A
27/04/2025,1302,73844568,30409905.54,8512292.46,0.28,9,7,sector_restoran,5,Kecamatan A
26/11/2024,1709,53725948,26688464.5,24732172.82,0.93,4,10,sector_hotel,1,Kecamatan A
31/12/2024,1288,69892178,11373713.29,1662107.75,0.15,3,5,sector_restoran,1,Kecamatan C
04/09/2024,1304,71100106,19278028.08,8215681.64,0.43,12,10,sector_toko,6,Kecamatan D
14/10/2024,1146,65991731,27042295.96,7669743.31,0.28,8,2,sector_parkir,1,Kecamatan D
12/06/2025,1463,93202448,18503835.49,16446673.44,0.89,12,9,sector_toko,5,Kecamatan B
12/10/2024,1044,64764263,18890465.73,2198300.21,0.12,12,7,sector_hotel,9,Kecamatan B
27/08/2024,1760,90164539,17118802.98,10878364.44,0.64,3,7,sector_toko,3,Kecamatan D
25/12/2024,1097,86263421,25297846.86,17975357.24,0.71,9,10,sector_hotel,5,Kecamatan A
05/10/2024,1673,86371486,35889161.11,22389869.4,0.62,7,7,sector_toko,8,Kecamatan C
15/09/2024,1415,61422235,23673325.11,5827508.29,0.25,2,5,sector_restoran,8,Kecamatan B
19/05/2025,1287,88445881,38324209.51,10059153.45,0.26,12,9,sector_hotel,6,Kecamatan B
08/02/2025,1670,89599100,11560146.18,3879682.62,0.34,11,8,sector_hotel,9,Kecamatan B
24/04/2025,1454,51678850,11789070.75,8550476.68,0.73,5,7,sector_restoran,1,Kecamatan A
07/03/2025,1109,69324770,12120603.41,11992878.93,0.99,7,8,sector_restoran,7,Kecamatan D
20/05/2025,1542,82363035,14882332.53,12547671.33,0.84,10,6,sector_hotel,7,Kecamatan B
23/10/2024,1576,59945596,16596898.23,1296683.47,0.08,8,1,sector_parkir,2,Kecamatan C
02/12/2024,1360,55294281,14937918.58,13630229.39,0.91,11,7,sector_toko,4,Kecamatan C
15/07/2025,1965,88547880,17197502.92,6425576.71,0.37,4,7,sector_hotel,1,Kecamatan C
26/07/2025,1875,51791059,19296520.99,4823165.65,0.25,3,5,sector_toko,8,Kecamatan B
27/08/2024,1259,55750903,26905085.98,2465023.8,0.09,6,4,sector_restoran,10,Kecamatan A
10/03/2025,1555,66892006,21078596.56,2177261.44,0.1,7,4,sector_pabrik,3,Kecamatan A
02/03/2025,1744,57194407,16217368.73,5808929.94,0.36,9,4,sector_hotel,10,Kecamatan A
16/12/2024,1641,64082471,24422600.79,15413982.93,0.63,9,6,sector_toko,3,Kecamatan C
21/10/2024,1562,66752592,10009465.6,929529.78,0.09,7,3,sector_parkir,2,Kecamatan D
12/08/2025,1156,71398578,15523555.07,1884751.11,0.12,7,8,sector_hotel,1,Kecamatan D
04/06/2025,1197,80952642,39146442.35,35799809.19,0.91,5,6,sector_toko,5,Kecamatan D
16/04/2025,1724,94884851,38952464.7,23576649.66,0.61,3,5,sector_parkir,5,Kecamatan C
04/02/2025,1998,73716468,23091489.8,5792149.34,0.25,10,10,sector_toko,5,Kecamatan B
12/04/2025,1096,92681379,30407195.67,10531795.32,0.35,8,3,sector_parkir,4,Kecamatan C
03/03/2025,1689,87464823,22294449.32,17378511.85,0.78,6,7,sector_toko,7,Kecamatan A
02/04/2025,1519,80229844,17552579.04,14229707.83,0.81,4,4,sector_pabrik,5,Kecamatan D
02/11/2024,1840,94133759,28177151.37,5342022.4,0.19,10,5,sector_toko,5,Kecamatan B
17/03/2025,1989,97729763,39576224.74,4460751.14,0.11,10,4,sector_restoran,4,Kecamatan C
29/03/2025,1995,83505065,39183199.34,1525012.47,0.04,4,9,sector_restoran,3,Kecamatan B
06/01/2025,1973,92961759,15725425.76,8778650.85,0.56,5,3,sector_pabrik,3,Kecamatan C
10/08/2025,1916,69337055,33207345.29,2913576.66,0.09,11,7,sector_parkir,7,Kecamatan C
11/06/2025,1919,63210483,25198902.58,14774022.52,0.59,7,2,sector_pabrik,5,Kecamatan D
31/05/2025,1346,57222001,13578941.04,10081220.62,0.74,3,6,sector_hotel,7,Kecamatan B
27/03/2025,1661,71311804,13759303.66,3654725.24,0.27,12,5,sector_parkir,7,Kecamatan B
09/01/2025,1516,67308230,16175388.33,9114725.88,0.56,7,9,sector_restoran,1,Kecamatan D
27/09/2024,1286,67988571,18062853.48,1163439.44,0.06,5,6,sector_parkir,6,Kecamatan A
17/10/2024,1485,50877654,24573673.72,18269688.67,0.74,1,8,sector_hotel,2,Kecamatan B
12/12/2024,1021,91641944,17413400.22,10452645.28,0.6,10,4,sector_parkir,7,Kecamatan A
05/11/2024,1448,66964090,12758227.36,1828582.33,0.14,8,5,sector_toko,7,Kecamatan B
30/01/2025,1365,72293547,9299848.65,2331760.58,0.25,1,6,sector_pabrik,10,Kecamatan C
12/11/2024,1401,87139090,43435594.69,39132160.83,0.9,7,9,sector_parkir,2,Kecamatan A
23/03/2025,1593,91403139,19030078.04,18449629.17,0.97,7,7,sector_restoran,8,Kecamatan D
17/11/2024,1493,95502238,44354766.34,3091492.27,0.07,10,4,sector_parkir,5,Kecamatan B
01/12/2024,1837,58360916,16833483.42,4251971.36,0.25,8,2,sector_toko,4,Kecamatan C
17/02/2025,1904,52029371,17106483.1,17063661.48,1.0,4,3,sector_parkir,1,Kecamatan C
09/02/2025,1683,96255948,28156964.59,26550608.14,0.94,11,7,sector_hotel,10,Kecamatan C
02/06/2025,1425,67128977,16915181.04,3349872.46,0.2,2,7,sector_hotel,8,Kecamatan B
13/08/2025,1464,69164330,20325832.75,1334947.9,0.07,8,9,sector_parkir,5,Kecamatan C
25/05/2025,1999,61883251,9207688.13,4198075.95,0.46,4,9,sector_hotel,3,Kecamatan C
14/09/2024,1298,54203932,18617598.88,2941983.33,0.16,12,6,sector_hotel,2,Kecamatan B
14/10/2024,1167,59472192,7397918.46,1927888.65,0.26,6,3,sector_toko,10,Kecamatan C
10/11/2024,1010,53153645,9395778.01,9056875.58,0.96,12,9,sector_parkir,1,Kecamatan B
10/11/2024,1896,92432314,43307141.81,34691880.95,0.8,12,9,sector_restoran,4,Kecamatan C
07/10/2024,1995,73496523,17534223.23,12044136.75,0.69,9,4,sector_toko,7,Kecamatan B
20/06/2025,1798,89453967,9473570.99,8534701.82,0.9,7,5,sector_toko,10,Kecamatan A
29/10/2024,1625,67041083,24197190.47,1983532.55,0.08,1,2,sector_hotel,1,Kecamatan D
20/04/2025,1364,95507678,19356223.81,1491170.32,0.08,8,6,sector_hotel,2,Kecamatan A
18/08/2025,1690,78120938,25440812.78,4791650.63,0.19,5,8,sector_restoran,10,Kecamatan D
07/05/2025,1148,93808863,22048080.67,11547982.35,0.52,12,10,sector_toko,7,Kecamatan D
25/03/2025,1668,74558156,12102615.84,7083399.26,0.59,12,9,sector_hotel,6,Kecamatan B
24/03/2025,1158,84170431,40651599.16,19122258.17,0.47,11,1,sector_hotel,2,Kecamatan D
