tanggal;wp_id;omset;target_pajak;pajak_dibayar;rasio_pajakdibayar;bulan;kode_sector;nama_kecamatan;nama_sektor;kode_kecamatan
01 Desember 2021;1016;96336875.12;15300029.95;187746.12;0.012271;5;4;Lemahsugih;sector_restoran;1
31 Mei 2021;1272;554941908.73;81058093.65;5957920.1;0.073502;2;2;Banjaran;sector_parkir;2
17 September 2024;1772;742713801.27;17362204.13;2007645.14;0.115633;9;4;Cikijing;sector_restoran;3
06 September 2021;1474;790773984.12;2715993.26;6682439.23;2.460.403;4;3;Maja;sector_hotel;4
13 Juni 2023;1624;70656706.9;43796586.12;2879176.43;0.06574;1;4;Sumberjaya;sector_restoran;5
19 Desember 2022;1969;453432545.92;47886120.62;6134282.71;0.128101;12;2;Kadipaten;sector_parkir;6
19 November 2022;1393;101591495.51;25409476.89;6481482.57;0.255081;10;1;Kasokandel;sector_reklame;7
28 Juni 2022;1918;457620164.47;67034757.05;436425.5;0.00651;3;2;Ligung;sector_parkir;8
28 Agustus 2022;1605;396287069.93;2975722.58;7510201.71;2.523.825;9;3;Malausma;sector_hotel;9
17 September 2021;1444;509917683.8;97702810.02;2302451.41;0.023566;12;1;Majalengka;sector_reklame;10
25 Juli 2021;1164;941906830.7;8742425.25;3950737.92;0.451904;5;3;Majalengka;sector_hotel;10
26 Mei 2023;1637;45107139.81;90379415.61;3121971.64;0.034543;3;2;Argapura;sector_parkir;11
12 Mei 2020;1928;351679966.11;39553381.67;5033347.16;0.127255;12;4;Cingambul;sector_restoran;12
30 Maret 2021;1933;722639185.69;90149927.44;9653000.32;0.107077;1;2;Sindangwangi;sector_parkir;13
16 Agustus 2022;1716;566395487.37;28728136.91;2622012.35;0.09127;5;2;Leuwimunding;sector_parkir;14
19 Mei 2020;1907;795931313.13;90473845.59;9262606.86;0.102379;12;3;Dawuan;sector_hotel;15
18 Januari 2023;1769;73439731.59;7034933.27;1957036.21;0.278188;12;2;Bantarujeg;sector_parkir;16
28 Mei 2021;1197;123513280.76;12379368.36;6753040.13;0.545508;12;2;Kertajati;sector_parkir;17
21 November 2020;1311;902220888.81;85083498.96;6680621.32;0.078518;6;3;Cigasong;sector_hotel;18
08 Mei 2020;1537;636566783.93;24577869.27;9798278.24;0.398663;7;2;Jatitujuh;sector_parkir;19
04 Januari 2020;1266;145814366.25;61805418.97;8409093.94;0.136058;12;1;Majalengka;sector_reklame;10
20 Desember 2024;1992;907913799.58;54465281.62;8433220.39;0.154837;11;2;Bantarujeg;sector_parkir;16
27 April 2022;1056;246561775.77;293957.21;1800960.45;6.126.608;10;2;Argapura;sector_parkir;11
05 April 2022;1094;996403948.47;93818406.27;5474385.52;0.058351;9;1;Jatitujuh;sector_reklame;19
17 Juni 2021;1488;976758302.34;97089754.62;1361776.57;0.014026;4;3;Lemahsugih;sector_hotel;1
10 Februari 2023;1260;233706320.64;1906671.12;5829078.36;3.057.202;5;3;Kertajati;sector_hotel;17
04 April 2021;1717;362187561.78;19523091.15;212635.65;0.010891;8;1;Jatitujuh;sector_reklame;19
04 Mei 2021;1917;653781871.16;4793812.63;6432672.36;134.187;4;3;Talaga;sector_hotel;20
10 Oktober 2024;1625;940650348.27;29698081.82;3859228.56;0.129949;10;1;Cigasong;sector_reklame;18
01 Februari 2023;1865;853624700.95;58949293.83;8652757.32;0.146783;10;1;Palasah;sector_reklame;21
07 September 2020;1388;846932394.23;92652528.55;6203722.44;0.066957;4;3;Rajagaluh;sector_hotel;22
28 Juli 2020;1428;290032790.18;15596950.16;9243926.34;0.592675;12;3;Dawuan;sector_hotel;15
30 November 2024;1678;503479885.19;41773587.97;5336544.31;0.127749;1;3;Kasokandel;sector_hotel;7
31 Oktober 2020;1710;478567101.17;11551030.02;8294883.28;0.718108;3;3;Majalengka;sector_hotel;10
18 September 2021;1689;183699765.04;54893019.82;589580.28;0.010741;10;4;Ligung;sector_restoran;8
07 Juni 2023;1765;773072854.66;74912721.16;6934890.0;0.092573;9;3;Majalengka;sector_hotel;10
16 September 2022;1636;241228852.75;60027930.03;3606689.23;0.060084;4;1;Malausma;sector_reklame;9
06 Mei 2020;1977;50427027.01;15194874.0;5855852.6;0.385383;11;2;Kadipaten;sector_parkir;6
17 Juli 2021;1113;579317466.09;35214011.02;6151336.33;0.174684;9;1;Dawuan;sector_reklame;15
14 Maret 2024;1363;838221264.67;50668970.29;276318.63;0.005453;4;4;Sukahaji;sector_restoran;23
20 Juni 2022;1164;305274102.01;7583432.63;4546380.38;0.599515;2;1;Talaga;sector_reklame;20
10 Agustus 2023;1142;456506623.5;20765046.58;8763616.33;0.422037;5;4;Sumberjaya;sector_restoran;5
19 September 2022;1215;377989905.27;36423339.97;8063230.26;0.221375;12;3;Panyingkiran;sector_hotel;24
18 Januari 2022;1414;826882278.72;54183622.55;6664066.17;0.12299;6;2;Kertajati;sector_parkir;17
24 November 2024;1060;279794767.94;94505496.02;214526.65;0.00227;5;1;Kasokandel;sector_reklame;7
12 Agustus 2022;1215;200906422.63;44513936.18;7169079.4;0.161052;7;2;Palasah;sector_parkir;21
19 November 2022;1006;336703184.39;25816737.15;8753176.81;0.33905;4;1;Lemahsugih;sector_reklame;1
08 November 2021;1771;231273849.91;90951067.47;2459159.08;0.027038;4;4;Banjaran;sector_restoran;2
15 April 2020;1826;439019852.74;48207110.35;6789869.06;0.140848;4;1;Kadipaten;sector_reklame;6
22 Januari 2020;1849;880913205.91;8274342.4;8232214.9;0.994909;3;2;Talaga;sector_parkir;20
18 Mei 2021;1552;247970172.55;74221414.93;7852775.33;0.105802;6;2;Malausma;sector_parkir;9
21 Desember 2020;1214;752531013.99;22548224.77;9704369.46;0.430383;1;4;Panyingkiran;sector_restoran;24
18 Desember 2023;1535;741044461.02;42564564.84;2104069.23;0.049432;2;2;Palasah;sector_parkir;21
04 Februari 2023;1209;112030304.03;64312310.74;1582436.53;0.024605;11;3;Kasokandel;sector_hotel;7
21 September 2021;1562;292897636.38;53263432.72;7721345.29;0.144965;6;3;Panyingkiran;sector_hotel;24
31 Agustus 2021;1939;134364969.34;82041084.71;154416.55;0.001882;5;3;Banjaran;sector_hotel;2
15 November 2020;1156;680872897.61;54339381.17;1607152.83;0.029576;2;1;Jatiwangi;sector_reklame;25
10 Januari 2020;1156;950118414.33;48742891.02;7296108.22;0.149686;12;3;Argapura;sector_hotel;11
23 Maret 2024;1964;822778420.46;73356000.2;8944005.02;0.121926;2;2;Bantarujeg;sector_parkir;16
05 Desember 2023;1734;755358358.42;44621277.62;1251694.82;0.028052;2;4;Kertajati;sector_restoran;17
07 Oktober 2022;1410;600810608.94;98079540.8;7857960.92;0.080118;3;2;Lemahsugih;sector_parkir;1
06 Februari 2024;1089;492893053.6;44192725.91;9445405.0;0.213732;11;4;Majalengka;sector_restoran;10
10 Desember 2023;1718;94572139.32;70579764.9;8429894.82;0.119438;8;1;Kertajati;sector_reklame;17
22 Januari 2024;1613;264033719.42;3708668.23;7968430.8;2.148.596;7;3;Rajagaluh;sector_hotel;22
12 Juli 2021;1354;868054356.72;20868775.96;4388770.86;0.210303;8;2;Rajagaluh;sector_parkir;22
14 Juni 2021;1143;654880016.47;9854725.31;207754.22;0.021082;5;4;Jatiwangi;sector_restoran;25
16 April 2023;1120;653298230.76;62481284.68;1652918.58;0.026455;1;1;Banjaran;sector_reklame;2
24 Agustus 2024;1617;84270027.34;12138178.78;8978036.22;0.739653;5;2;Majalengka;sector_parkir;10
13 April 2022;1126;856183548.0;57333455.24;1739069.63;0.030333;3;2;Banjaran;sector_parkir;2
11 September 2024;1366;224577057.1;14327516.29;2731947.94;0.190678;7;1;Kasokandel;sector_reklame;7
21 September 2021;1063;392145605.32;93656178.3;1516033.51;0.016187;11;2;Panyingkiran;sector_parkir;24
18 Agustus 2024;1864;57246573.46;91733070.16;3875451.91;0.042247;5;4;Lemahsugih;sector_restoran;1
28 Juni 2023;1415;357603827.05;13973554.07;4849502.38;0.347049;12;1;Banjaran;sector_reklame;2
19 Juni 2020;1978;929875611.46;40400768.6;4225716.55;0.104595;5;3;Leuwimunding;sector_hotel;14
06 Agustus 2023;1338;844446298.99;30675056.81;1202017.39;0.039185;2;3;Rajagaluh;sector_hotel;22
26 Juli 2023;1435;859991815.95;91054385.89;4102450.52;0.045055;5;4;Cingambul;sector_restoran;12
04 Februari 2021;1097;14541225.01;49891627.86;3542787.23;0.07101;8;1;Sindang;sector_reklame;26
04 Februari 2020;1217;992855132.6;9626899.64;9068831.9;0.94203;5;4;Cingambul;sector_restoran;12
28 Februari 2020;1966;368499493.26;81685962.0;2818683.23;0.034506;4;3;Cigasong;sector_hotel;18
14 September 2023;1384;689691126.76;95365100.2;2864363.65;0.030036;12;3;Sindangwangi;sector_hotel;13
14 Februari 2024;1937;922438194.32;78820709.08;4900344.89;0.062171;2;4;Bantarujeg;sector_restoran;16
07 Desember 2020;1881;120259899.68;23482375.32;7744976.82;0.329821;3;3;Kasokandel;sector_hotel;7
11 Februari 2024;1848;411449838.87;34126721.66;185312.76;0.00543;3;3;Cigasong;sector_hotel;18
17 Maret 2022;1805;11553771.51;55887435.33;1357494.83;0.02429;6;3;Talaga;sector_hotel;20
29 Juli 2024;1732;268619555.43;55229212.46;4894113.59;0.088615;1;1;Sumberjaya;sector_reklame;5
10 April 2024;1941;791833173.63;25379799.64;664453.32;0.02618;11;1;Sindang;sector_reklame;26
16 Januari 2020;1225;986949299.43;29916511.69;7570838.97;0.253066;2;4;Dawuan;sector_restoran;15
04 Juli 2023;1203;699996906.91;70585507.69;7242802.42;0.10261;4;1;Argapura;sector_reklame;11
06 Juni 2023;1317;176703822.25;57932576.46;5733589.9;0.09897;10;2;Dawuan;sector_parkir;15
02 April 2023;1861;717089422.88;27301848.41;4850468.8;0.177661;6;3;Kertajati;sector_hotel;17
28 Oktober 2021;1659;934137692.25;64939350.76;7646137.43;0.117743;8;2;Jatiwangi;sector_parkir;25
05 Agustus 2020;1315;423346016.73;57127799.13;176493.55;0.003089;1;2;Panyingkiran;sector_parkir;24
05 September 2022;1236;380342305.01;50948950.22;6944521.28;0.136304;10;4;Panyingkiran;sector_restoran;24
18 Agustus 2021;1912;227598262.47;14845807.35;9532560.49;0.642105;3;4;Kasokandel;sector_restoran;7
18 Desember 2022;1931;388044083.52;90606726.91;3934557.08;0.043425;12;3;Majalengka;sector_hotel;10
27 Desember 2020;1666;927787587.77;60055755.46;123859.45;0.002062;4;2;Kadipaten;sector_parkir;6
08 Februari 2023;1616;939590647.39;76567156.67;3518868.48;0.045958;2;3;Banjaran;sector_hotel;2
14 Juni 2021;1292;207301318.51;14477933.37;2153861.73;0.148769;1;1;Cigasong;sector_reklame;18
12 November 2023;1091;7584566.17;15720948.36;278898.6;0.017741;5;1;Maja;sector_reklame;4
23 Mei 2021;1670;719000244.48;37517307.62;4174722.3;0.111275;10;2;Banjaran;sector_parkir;2
17 November 2022;1623;150166722.74;60204296.46;7988565.79;0.132691;3;4;Jatiwangi;sector_restoran;25
16 Juli 2021;1541;918949070.51;16977849.72;9626898.32;0.567027;5;3;Jatiwangi;sector_hotel;25
31 Januari 2023;1028;38251701.0;67989418.85;9763333.02;0.143601;12;4;Sindang;sector_restoran;26
22 Februari 2024;1155;962486358.36;97649878.52;5132095.8;0.052556;7;4;Cigasong;sector_restoran;18
24 November 2022;1983;676743984.36;59708782.1;1499929.83;0.025121;9;4;Sumberjaya;sector_restoran;5
04 Januari 2023;1530;239572769.89;81241454.79;3966696.05;0.048826;4;3;Sindangwangi;sector_hotel;13
13 September 2022;1322;80768267.09;59202420.91;6638177.47;0.112127;11;3;Rajagaluh;sector_hotel;22
22 Februari 2020;1486;549131516.5;76549420.9;9265238.55;0.121036;5;4;Sindang;sector_restoran;26
20 Juni 2023;1864;459929154.64;16120382.6;5727553.46;0.355299;6;1;Kasokandel;sector_reklame;7
01 Juli 2024;1581;431312553.77;97396144.55;4971176.38;0.051041;4;3;Sindangwangi;sector_hotel;13
09 Februari 2023;1189;816794710.21;37812866.13;7198788.29;0.190379;1;4;Argapura;sector_restoran;11
05 September 2020;1134;122052970.14;20730950.45;5920846.35;0.285604;12;4;Kertajati;sector_restoran;17
13 Juli 2020;1901;251584443.56;32424913.34;6663024.14;0.205491;1;4;Ligung;sector_restoran;8
01 Mei 2020;1694;212508988.72;88100761.6;4446181.09;0.050467;10;4;Sindangwangi;sector_restoran;13
26 Juli 2022;1221;713209821.51;23826875.15;323065.94;0.013559;3;3;Leuwimunding;sector_hotel;14
14 Maret 2021;1289;769644229.28;7035594.16;9818625.87;1.395.565;8;3;Palasah;sector_hotel;21
29 Mei 2023;1839;878508355.08;58355380.34;8462460.67;0.145016;12;4;Palasah;sector_restoran;21
23 November 2022;1082;147765441.53;601531.51;5005393.74;8.321.083;5;3;Sumberjaya;sector_hotel;5
27 Agustus 2024;1768;58544019.69;68123109.08;2115654.2;0.031056;10;1;Banjaran;sector_reklame;2
12 September 2023;1714;752326854.21;68827025.29;7979744.24;0.115939;10;1;Cigasong;sector_reklame;18
28 April 2023;1276;524861132.97;60807229.16;9652169.93;0.158734;3;4;Sindang;sector_restoran;26
08 November 2022;1595;704211229.95;95246571.31;9230715.18;0.096914;7;3;Palasah;sector_hotel;21
18 Juni 2024;1974;332074307.38;77309228.46;1182633.74;0.015297;9;3;Sumberjaya;sector_hotel;5
24 April 2021;1065;585441265.64;23748628.99;5148882.35;0.216808;6;2;Argapura;sector_parkir;11
15 Juni 2022;1494;898855939.96;48339318.36;3674109.04;0.076007;10;4;Talaga;sector_restoran;20
24 Oktober 2023;1084;166723149.43;48758070.49;7096867.62;0.145553;10;3;Ligung;sector_hotel;8
13 Januari 2024;1001;337908122.32;57539061.09;9272725.32;0.161155;7;1;Sukahaji;sector_reklame;23
26 Maret 2023;1426;107544817.32;53833758.2;9291488.87;0.172596;4;1;Cigasong;sector_reklame;18
07 September 2023;1288;787130016.93;12227204.68;3513592.52;0.287359;1;4;Palasah;sector_restoran;21
08 Maret 2024;1611;387868214.38;41171905.42;8810960.14;0.214004;11;2;Majalengka;sector_parkir;10
05 Desember 2023;1011;382710680.28;49315820.28;517813.97;0.0105;10;1;Sindangwangi;sector_reklame;13
29 Mei 2022;1672;404521550.02;81590386.11;8628784.05;0.105757;4;2;Jatiwangi;sector_parkir;25
08 Mei 2022;1272;458192774.89;83444976.15;1348531.41;0.016161;4;4;Lemahsugih;sector_restoran;1
06 Juli 2022;1017;468668930.95;6652382.23;6468254.96;0.972322;9;2;Malausma;sector_parkir;9
14 Mei 2020;1238;841588167.29;37530716.61;5614980.96;0.14961;6;3;Lemahsugih;sector_hotel;1
30 November 2022;1328;288275906.61;9589610.68;4549450.32;0.474414;5;2;Leuwimunding;sector_parkir;14
21 Oktober 2022;1313;419104807.38;77222291.91;2525154.69;0.0327;11;2;Argapura;sector_parkir;11
16 Agustus 2024;1185;582241451.32;27522637.69;1834386.93;0.06665;3;3;Cingambul;sector_hotel;12
29 September 2020;1875;994317831.57;25529245.1;7902788.02;0.309558;9;1;Cikijing;sector_reklame;3
23 Mei 2020;1424;810952933.58;93551060.39;7676573.7;0.082058;8;3;Sindang;sector_hotel;26
24 April 2023;1354;472320106.97;34986338.85;1933516.71;0.055265;1;1;Cikijing;sector_reklame;3
09 Desember 2024;1670;772579638.47;69854333.32;718016.62;0.010279;9;2;Malausma;sector_parkir;9
29 April 2021;1491;471929521.59;84189148.31;9406378.21;0.111729;11;3;Kertajati;sector_hotel;17
26 Februari 2020;1349;678673734.82;54837866.59;3140332.67;0.057266;11;2;Panyingkiran;sector_parkir;24
07 Oktober 2022;1593;930503553.97;96260239.47;8261085.84;0.08582;10;4;Lemahsugih;sector_restoran;1
28 Februari 2021;1821;422977030.43;31284220.04;1504205.8;0.048082;1;4;Jatitujuh;sector_restoran;19
01 Mei 2022;1941;941075524.76;15191638.43;8065774.9;0.530935;10;3;Sukahaji;sector_hotel;23
28 September 2024;1625;338770026.57;6901365.78;2109266.72;0.30563;8;3;Palasah;sector_hotel;21
03 Februari 2021;1583;906086847.21;90727003.82;7955873.64;0.08769;6;1;Kadipaten;sector_reklame;6
22 September 2024;1661;355626623.4;84994641.7;9664070.53;0.113702;7;1;Cingambul;sector_reklame;12
01 Desember 2021;1197;772637740.14;87910993.02;7997933.93;0.090978;7;2;Kadipaten;sector_parkir;6
14 Februari 2024;1255;556808511.34;5651091.13;9392596.51;1.662.085;12;1;Leuwimunding;sector_reklame;14
24 Januari 2021;1771;701590197.63;49354188.47;3237162.87;0.06559;2;2;Banjaran;sector_parkir;2
10 Januari 2021;1560;913110602.69;19703412.39;5319457.91;0.269976;2;3;Talaga;sector_hotel;20
23 Juli 2021;1657;438295229.08;8710720.03;1548857.65;0.177811;10;2;Bantarujeg;sector_parkir;16
17 Oktober 2020;1519;812224106.04;88878400.11;3551505.5;0.039959;4;3;Talaga;sector_hotel;20
11 September 2021;1855;560774005.83;51074395.4;7608202.49;0.148963;5;4;Jatiwangi;sector_restoran;25
03 Maret 2020;1380;51929489.92;85772052.08;257333.12;0.003;7;4;Kertajati;sector_restoran;17
09 April 2022;1009;614466350.49;17557791.62;9357503.17;0.532954;7;2;Cingambul;sector_parkir;12
23 Oktober 2024;1904;376230537.18;61144722.85;7748163.02;0.126718;4;3;Sukahaji;sector_hotel;23
30 April 2024;1271;886560460.59;89929690.5;6115414.33;0.068002;10;1;Bantarujeg;sector_reklame;16
29 Januari 2024;1434;709960811.39;41940594.09;1963596.23;0.046819;5;3;Kertajati;sector_hotel;17
03 April 2020;1674;274524843.94;56398826.06;5346147.5;0.094792;9;1;Ligung;sector_reklame;8
01 Agustus 2021;1113;243224043.71;48023722.69;6682449.13;0.139149;9;4;Rajagaluh;sector_restoran;22
24 Maret 2020;1064;540405795.2;54700562.39;896960.7;0.016398;2;4;Malausma;sector_restoran;9
18 September 2022;1649;921433310.75;42824216.43;5539371.19;0.129351;4;1;Banjaran;sector_reklame;2
21 Desember 2020;1463;172719961.99;73901046.52;2156098.35;0.029175;10;3;Kasokandel;sector_hotel;7
17 Desember 2021;1297;666407172.79;49347649.32;3772637.15;0.07645;12;4;Jatitujuh;sector_restoran;19
25 Desember 2022;1061;878024597.86;10215933.2;6736559.04;0.659417;2;4;Dawuan;sector_restoran;15
14 Agustus 2023;1194;394373854.12;11773486.11;3592745.61;0.305156;10;3;Sukahaji;sector_hotel;23
21 Agustus 2022;1037;353819850.36;72894709.99;1587896.52;0.021783;5;4;Malausma;sector_restoran;9
12 Januari 2021;1537;164042451.06;25427685.24;996061.29;0.039172;8;4;Maja;sector_restoran;4
08 Februari 2022;1562;345989037.79;54385176.34;795672.52;0.01463;6;2;Talaga;sector_parkir;20
14 April 2024;1726;809953874.61;23996931.5;8879215.95;0.370015;2;1;Cigasong;sector_reklame;18
08 April 2021;1793;605072339.41;42255981.51;6150290.75;0.145548;11;3;Argapura;sector_hotel;11
15 Oktober 2022;1660;58800328.89;20102977.07;387267.09;0.019264;1;4;Banjaran;sector_restoran;2
03 Februari 2022;1976;147979685.32;99224843.1;9159720.58;0.092313;7;4;Dawuan;sector_restoran;15
25 Oktober 2021;1250;327809776.53;23830575.08;6564060.62;0.275447;3;3;Leuwimunding;sector_hotel;14
26 Desember 2024;1011;225065333.54;33357588.19;8020332.31;0.240435;3;2;Maja;sector_parkir;4
12 Agustus 2020;1456;804015947.98;64613463.91;793182.65;0.012276;6;3;Kertajati;sector_hotel;17
21 September 2021;1367;343753885.88;76096062.18;2796689.53;0.036752;12;1;Lemahsugih;sector_reklame;1
12 Juli 2024;1118;231187944.28;14150807.1;1642842.57;0.116095;2;3;Palasah;sector_hotel;21
06 Juli 2022;1752;651553133.24;6266449.21;7218116.73;1.151.867;1;1;Cigasong;sector_reklame;18
10 Maret 2023;1104;688582704.41;52646156.5;8823750.51;0.167605;1;3;Cikijing;sector_hotel;3
09 Oktober 2022;1675;831807006.28;70314470.55;9071495.79;0.129013;5;3;Maja;sector_hotel;4
10 Januari 2023;1015;299316744.02;28239257.86;3354016.2;0.118771;7;1;Cikijing;sector_reklame;3
10 Januari 2023;1083;868585979.04;74320802.41;1354884.71;0.01823;6;2;Palasah;sector_parkir;21
07 November 2023;1482;366577941.48;58752983.58;9580131.89;0.163058;6;1;Talaga;sector_reklame;20
16 Juli 2023;1852;255835855.63;57197844.12;2951267.01;0.051598;8;2;Talaga;sector_parkir;20
07 Desember 2021;1580;85354448.46;63357442.61;7602642.0;0.119996;12;1;Cigasong;sector_reklame;18
11 September 2020;1407;388970393.27;15841127.38;8653072.21;0.546241;12;1;Lemahsugih;sector_reklame;1
01 Desember 2023;1546;470461285.1;35017892.85;6045069.56;0.172628;11;2;Sumberjaya;sector_parkir;5
04 Agustus 2024;1423;723384318.49;55578477.86;1385598.84;0.02493;4;2;Panyingkiran;sector_parkir;24
20 Mei 2023;1282;38867797.26;35862357.15;2548332.26;0.071059;1;4;Dawuan;sector_restoran;15
05 Maret 2020;1847;200636147.28;18721828.5;1474928.47;0.078781;5;1;Majalengka;sector_reklame;10
13 Maret 2021;1136;741996983.7;65072700.74;4484899.12;0.068921;5;4;Kadipaten;sector_restoran;6
30 Juni 2023;1137;857419511.05;14246110.71;8091948.55;0.568011;1;4;Cingambul;sector_restoran;12
10 Oktober 2021;1808;172698730.58;13052480.26;1107279.6;0.084833;9;1;Majalengka;sector_reklame;10
22 Desember 2023;1192;169972861.07;78980783.04;9458025.29;0.119751;6;1;Sukahaji;sector_reklame;23
05 Desember 2024;1600;72199199.62;49577477.76;2960018.11;0.059705;12;2;Sindangwangi;sector_parkir;13
17 September 2021;1091;77852182.23;35243480.19;5167656.98;0.146627;5;2;Majalengka;sector_parkir;10
22 Juni 2024;1883;754544929.1;24812113.73;5465798.64;0.220288;1;1;Rajagaluh;sector_reklame;22
10 Juni 2020;1047;340701861.41;4438435.57;4988480.82;1.123.928;4;2;Sindang;sector_parkir;26
17 Desember 2023;1348;964176454.66;9076053.63;7877870.75;0.867984;12;1;Rajagaluh;sector_reklame;22
26 Februari 2024;1016;902737059.64;44160441.98;4845101.7;0.109716;3;4;Sumberjaya;sector_restoran;5
08 Juni 2024;1051;615404030.35;61448553.87;3076321.62;0.050063;9;4;Banjaran;sector_restoran;2
03 Oktober 2020;1158;894819497.75;58293598.4;2522450.75;0.043271;7;2;Malausma;sector_parkir;9
23 April 2020;1025;530658593.33;18990054.11;3565483.52;0.187755;2;4;Kertajati;sector_restoran;17
04 Oktober 2021;1985;222349136.73;74074002.28;136919.68;0.001848;1;1;Bantarujeg;sector_reklame;16
03 November 2021;1619;679760705.93;35348984.36;4850163.78;0.137208;5;3;Dawuan;sector_hotel;15
26 November 2023;1713;568735967.41;29739760.11;4573585.36;0.153787;4;3;Kasokandel;sector_hotel;7
14 Mei 2021;1752;411080260.88;93935732.25;7082847.36;0.075401;11;1;Leuwimunding;sector_reklame;14
22 Desember 2023;1045;724805765.29;27397032.07;1659147.93;0.060559;5;3;Sindangwangi;sector_hotel;13
25 Juni 2021;1521;493359508.61;16466733.33;6828630.27;0.414692;7;4;Sukahaji;sector_restoran;23
21 Maret 2020;1333;926060657.32;18149060.83;1167525.47;0.06433;12;2;Kadipaten;sector_parkir;6
12 Maret 2023;1684;502050277.8;80683658.68;9554430.88;0.118418;10;2;Cigasong;sector_parkir;18
18 Januari 2023;1273;902958059.34;18599357.46;4910886.83;0.264035;9;3;Sukahaji;sector_hotel;23
30 Maret 2022;1153;929688378.71;55213138.89;585820.69;0.01061;10;2;Panyingkiran;sector_parkir;24
29 Mei 2022;1644;220548689.81;19072777.17;3777259.6;0.198045;3;4;Ligung;sector_restoran;8
05 April 2020;1992;532921333.78;1172390.24;9173692.93;7.824.778;11;2;Kertajati;sector_parkir;17
13 Januari 2021;1837;439902749.32;15982453.02;3223612.48;0.201697;4;1;Ligung;sector_reklame;8
03 Agustus 2020;1141;384467304.56;38577070.55;3552918.97;0.092099;8;1;Maja;sector_reklame;4
23 November 2023;1238;649341689.09;60692391.59;7356338.62;0.121207;3;4;Sumberjaya;sector_restoran;5
30 Juni 2020;1149;321830673.96;27535909.83;3916331.02;0.142226;4;4;Talaga;sector_restoran;20
25 Juli 2024;1736;523322301.3;98050265.83;4089015.59;0.041703;6;2;Argapura;sector_parkir;11
12 Agustus 2024;1978;553511522.22;30728636.96;7409439.76;0.241125;1;4;Maja;sector_restoran;4
21 Maret 2024;1335;801448719.57;14023388.2;1986664.14;0.141668;6;2;Sindangwangi;sector_parkir;13
10 Desember 2020;1159;509913680.79;28557855.74;8042704.06;0.281628;10;2;Cingambul;sector_parkir;12
10 November 2023;1852;160149061.21;42922546.35;6984240.96;0.162717;1;4;Kadipaten;sector_restoran;6
22 Juni 2021;1328;595956674.5;36511878.87;960056.53;0.026294;7;4;Sukahaji;sector_restoran;23
19 Maret 2020;1204;387478887.44;88653526.51;8433801.3;0.095132;9;2;Palasah;sector_parkir;21
18 Juni 2024;1699;568933294.78;1602203.28;9840228.65;6.141.685;3;4;Bantarujeg;sector_restoran;16
27 September 2022;1731;371550738.99;41438642.27;4189823.89;0.101109;2;4;Kasokandel;sector_restoran;7
30 November 2024;1747;52305954.75;2903055.76;1586376.42;0.546451;10;4;Jatitujuh;sector_restoran;19
22 September 2023;1179;430480074.21;1852964.15;6827237.25;3.684.495;12;4;Sindangwangi;sector_restoran;13
23 Juli 2023;1393;995810724.55;58585697.81;224735.86;0.003836;8;1;Jatitujuh;sector_reklame;19
17 Juni 2024;1485;539587298.15;61614157.99;8699933.92;0.1412;8;4;Cingambul;sector_restoran;12
10 Agustus 2024;1886;152883672.94;19353856.01;9068067.37;0.468541;5;4;Malausma;sector_restoran;9
12 Desember 2023;1993;321803360.9;36791411.99;6316289.16;0.171678;10;2;Jatitujuh;sector_parkir;19
04 Agustus 2021;1226;926849725.24;90962585.68;9084227.19;0.099868;11;4;Kasokandel;sector_restoran;7
28 Juli 2024;1861;812173854.35;95654496.87;5588040.77;0.058419;2;1;Banjaran;sector_reklame;2
18 Desember 2024;1712;207701564.9;21412578.42;6236669.65;0.291262;8;4;Rajagaluh;sector_restoran;22
03 Mei 2024;1396;189874201.19;83937160.2;5330678.18;0.063508;6;2;Maja;sector_parkir;4
05 Maret 2024;1059;953629496.09;4711935.12;4346927.21;0.922535;1;3;Kertajati;sector_hotel;17
10 September 2024;1448;95080380.51;17802226.05;3035493.65;0.170512;3;4;Ligung;sector_restoran;8
06 Juli 2022;1475;998917136.72;984705.98;4088111.81;4.151.607;7;1;Cigasong;sector_reklame;18
27 Agustus 2020;1259;154258140.78;7654073.55;2965461.79;0.387436;1;3;Leuwimunding;sector_hotel;14
21 Juli 2023;1705;852395859.55;60870936.0;5283503.38;0.086798;10;2;Jatitujuh;sector_parkir;19
16 Mei 2024;1192;475159966.53;86294131.39;2105288.8;0.024397;9;3;Bantarujeg;sector_hotel;16
04 November 2024;1548;233649346.95;44474739.23;2292763.84;0.051552;4;2;Lemahsugih;sector_parkir;1
22 November 2023;1133;147348627.84;97049500.29;4634970.06;0.047759;2;3;Sumberjaya;sector_hotel;5
09 Mei 2020;1894;742994468.08;12470431.88;3924969.07;0.314742;12;4;Maja;sector_restoran;4
21 Desember 2022;1202;645877218.81;49983621.92;4947032.12;0.098973;11;2;Leuwimunding;sector_parkir;14
08 Februari 2024;1726;773518434.92;17161565.76;637441.86;0.037144;5;1;Jatitujuh;sector_reklame;19
11 Mei 2022;1797;884581039.92;7566551.33;2581562.68;0.341181;10;1;Maja;sector_reklame;4
31 Oktober 2021;1624;222297415.08;76235677.38;348620.35;0.004573;5;1;Banjaran;sector_reklame;2
12 Februari 2020;1289;389579213.05;16602680.39;4211129.85;0.253642;3;2;Panyingkiran;sector_parkir;24
26 Desember 2022;1892;724380070.97;19570435.8;6199766.46;0.316792;11;1;Lemahsugih;sector_reklame;1
08 Maret 2024;1181;509042351.15;33840876.25;1899696.93;0.056136;9;3;Banjaran;sector_hotel;2
02 April 2022;1825;168352114.56;51518268.92;4062514.47;0.078856;6;4;Kadipaten;sector_restoran;6
14 Maret 2021;1732;371924017.71;85789955.79;6365125.98;0.074194;8;2;Palasah;sector_parkir;21
27 September 2021;1896;478347775.48;68741040.81;950454.69;0.013827;9;1;Lemahsugih;sector_reklame;1
24 Juli 2021;1457;914566007.69;37471440.21;4706452.05;0.125601;8;3;Cikijing;sector_hotel;3
28 November 2022;1769;552537723.37;86370564.67;8030649.48;0.092979;6;2;Sindang;sector_parkir;26
29 Juni 2020;1543;957116472.73;53389882.61;9829577.92;0.184109;3;3;Jatitujuh;sector_hotel;19
01 April 2020;1762;806858403.91;2134338.11;2382948.09;1.116.481;10;1;Sukahaji;sector_reklame;23
23 September 2021;1277;172994841.83;96255173.27;6320389.64;0.065663;12;2;Sindangwangi;sector_parkir;13
23 Desember 2021;1406;944713276.52;67102177.29;5094065.4;0.075915;3;2;Palasah;sector_parkir;21
06 Januari 2024;1698;326002437.65;77506417.44;8035011.06;0.103669;3;2;Jatitujuh;sector_parkir;19
28 Februari 2023;1935;982984908.7;55461921.33;2447590.97;0.044131;7;3;Leuwimunding;sector_hotel;14
04 Desember 2022;1771;939952285.66;83079030.17;5354659.41;0.064453;8;4;Rajagaluh;sector_restoran;22
18 Januari 2024;1996;775592531.54;88053536.22;8501302.7;0.096547;7;4;Majalengka;sector_restoran;10
15 Agustus 2022;1532;954463427.09;83787180.94;3248189.73;0.038767;2;3;Kasokandel;sector_hotel;7
16 Maret 2024;1240;891679159.78;76710137.64;3086803.83;0.04024;5;4;Leuwimunding;sector_restoran;14
20 November 2022;1185;80192008.89;6770159.37;4899035.47;0.723622;4;4;Rajagaluh;sector_restoran;22
02 April 2024;1420;455797547.34;3581064.71;1165420.57;0.32544;1;1;Majalengka;sector_reklame;10
26 Desember 2023;1857;608783606.56;32778727.32;5903325.66;0.180096;6;2;Sumberjaya;sector_parkir;5
15 Februari 2022;1758;382402433.22;52708571.53;9053187.66;0.171759;7;4;Cingambul;sector_restoran;12
19 November 2021;1551;307712684.55;25711048.32;9076432.88;0.353017;10;3;Talaga;sector_hotel;20
06 Oktober 2022;1091;630065416.65;62161105.46;3630825.0;0.05841;11;2;Talaga;sector_parkir;20
28 Oktober 2024;1782;921033933.72;44486361.23;7684440.01;0.172737;11;2;Cingambul;sector_parkir;12
14 April 2023;1461;272807768.95;44964762.91;9836929.89;0.21877;7;3;Majalengka;sector_hotel;10
21 Januari 2022;1964;923571483.68;89162814.59;8863189.83;0.099405;11;2;Sumberjaya;sector_parkir;5
12 Desember 2021;1448;219602540.48;76378380.59;4424531.14;0.057929;8;4;Bantarujeg;sector_restoran;16
03 Juli 2022;1252;791902948.77;63205816.38;2531025.77;0.040044;7;3;Malausma;sector_hotel;9
04 Januari 2022;1303;605729925.49;3766996.09;994487.53;0.264;7;3;Rajagaluh;sector_hotel;22
14 Februari 2022;1394;608688360.1;48838762.5;5066013.03;0.103729;7;4;Cingambul;sector_restoran;12
04 Februari 2024;1303;219811559.92;91246658.8;7430112.71;0.081429;10;2;Jatiwangi;sector_parkir;25
18 Oktober 2023;1900;474534257.85;74738552.37;3071366.3;0.041095;10;3;Jatiwangi;sector_hotel;25
09 Agustus 2022;1072;238597109.34;6933885.09;2522237.57;0.363755;3;1;Cikijing;sector_reklame;3
17 Mei 2021;1005;981229564.99;55739228.45;737437.23;0.01323;10;4;Maja;sector_restoran;4
09 Mei 2023;1572;238586854.63;9355877.26;1380120.67;0.147514;4;4;Jatiwangi;sector_restoran;25
18 Juni 2021;1320;910926084.74;99676892.76;318862.27;0.003199;1;4;Dawuan;sector_restoran;15
15 Mei 2020;1183;541991217.56;90127386.62;6762653.74;0.075034;12;1;Talaga;sector_reklame;20
09 Mei 2022;1048;654276224.37;58677305.1;2011865.57;0.034287;12;4;Ligung;sector_restoran;8
29 November 2021;1204;86057625.86;23859567.05;378644.64;0.01587;4;1;Kasokandel;sector_reklame;7
10 November 2021;1484;263407403.58;17025454.1;2356896.94;0.138434;2;2;Leuwimunding;sector_parkir;14
17 Desember 2024;1443;847741728.97;54471109.4;1163611.95;0.021362;3;4;Jatitujuh;sector_restoran;19
01 Januari 2024;1700;64159803.18;91542480.87;1001281.47;0.010938;6;3;Lemahsugih;sector_hotel;1
03 April 2021;1843;365883416.29;55251544.4;115370.06;0.002088;9;3;Sindang;sector_hotel;26
28 September 2024;1190;274841404.93;20616506.93;955565.44;0.04635;11;3;Argapura;sector_hotel;11
20 September 2022;1799;896748299.62;49286859.21;7095880.69;0.143971;10;1;Jatitujuh;sector_reklame;19
11 Juli 2022;1035;879252665.54;2854531.19;2296696.75;0.804579;1;1;Bantarujeg;sector_reklame;16
26 Februari 2022;1712;626457357.37;68621255.81;9897401.03;0.144232;9;4;Ligung;sector_restoran;8
03 Agustus 2022;1047;73984664.48;48916861.81;3138963.35;0.064169;2;2;Sumberjaya;sector_parkir;5
26 Februari 2022;1387;355984133.57;33851106.63;4833488.25;0.142787;8;4;Leuwimunding;sector_restoran;14
23 September 2023;1900;292504949.24;54538326.72;232158.84;0.004257;3;4;Bantarujeg;sector_restoran;16
25 Juni 2021;1345;201233995.52;38734746.3;5389903.66;0.139149;9;1;Cikijing;sector_reklame;3
07 Juni 2024;1977;732495404.85;18866164.99;9743619.34;0.51646;1;4;Bantarujeg;sector_restoran;16
24 Agustus 2021;1397;416776853.75;1339933.48;9138411.61;6.820.049;9;2;Cingambul;sector_parkir;12
12 Maret 2021;1394;557662170.14;26409336.95;9112470.99;0.345047;11;4;Majalengka;sector_restoran;10
20 Juli 2024;1095;782574587.49;54740089.99;7990802.47;0.145977;6;1;Argapura;sector_reklame;11
06 Juni 2024;1177;323777207.56;80694384.39;8919781.55;0.110538;9;3;Banjaran;sector_hotel;2
11 April 2020;1002;792125715.01;85963701.53;7893833.39;0.091828;6;2;Sindangwangi;sector_parkir;13
20 Juli 2024;1274;859918454.31;24573098.59;1872799.08;0.076213;4;3;Palasah;sector_hotel;21
07 Juli 2023;1398;565527501.49;22808709.82;3114317.42;0.136541;7;3;Jatitujuh;sector_hotel;19
07 September 2021;1602;238393665.43;47835402.7;358168.6;0.007488;9;3;Maja;sector_hotel;4
12 Oktober 2024;1693;145574259.52;18582750.78;7362507.08;0.396201;4;3;Kertajati;sector_hotel;17
24 Januari 2024;1348;774045066.82;37564402.3;7328893.55;0.195102;4;1;Jatitujuh;sector_reklame;19
23 Oktober 2023;1174;347020121.51;52248410.78;6471083.42;0.123852;2;3;Ligung;sector_hotel;8
06 November 2024;1024;844075068.01;94831179.49;2635374.1;0.02779;5;2;Malausma;sector_parkir;9
20 Februari 2020;1949;316715568.21;48434219.86;836739.81;0.017276;9;1;Sukahaji;sector_reklame;23
02 Mei 2022;1684;764364411.49;1049767.96;9092107.56;8.661.064;11;4;Sindangwangi;sector_restoran;13
28 Januari 2022;1065;111120661.76;60819269.21;6833181.14;0.112352;8;4;Sumberjaya;sector_restoran;5
08 Agustus 2021;1214;768139138.09;75970656.47;3150510.98;0.04147;1;1;Cikijing;sector_reklame;3
13 November 2020;1206;266379766.03;56965882.86;1981940.55;0.034792;7;2;Lemahsugih;sector_parkir;1
21 Februari 2024;1871;545794020.99;95507900.36;4957718.87;0.051909;12;1;Rajagaluh;sector_reklame;22
25 Maret 2020;1297;768434074.38;11977638.18;8899928.89;0.743045;4;1;Panyingkiran;sector_reklame;24
01 Januari 2023;1049;868374167.13;75342633.53;9995947.0;0.132673;9;3;Cigasong;sector_hotel;18
01 Agustus 2023;1483;766348882.92;72960842.33;6790838.34;0.093075;11;2;Cigasong;sector_parkir;18
28 Agustus 2020;1991;740915979.16;42781043.35;1890733.91;0.044196;10;4;Lemahsugih;sector_restoran;1
13 Desember 2021;1167;384517041.27;50736400.27;8659808.11;0.170682;4;2;Sindangwangi;sector_parkir;13
25 Oktober 2020;1928;423354731.29;28891711.12;2127348.56;0.073632;6;4;Sindang;sector_restoran;26
10 Maret 2024;1727;725289754.81;2362277.64;3787556.77;160.335;6;4;Sumberjaya;sector_restoran;5
18 Desember 2021;1299;299879981.14;22074841.88;3859274.79;0.174827;6;2;Sindangwangi;sector_parkir;13
18 Agustus 2024;1144;788467502.9;56152838.41;9167446.56;0.163259;1;3;Argapura;sector_hotel;11
23 Februari 2020;1366;864930686.22;37454241.18;6420364.22;0.171419;2;3;Panyingkiran;sector_hotel;24
20 April 2021;1870;580394309.25;29605635.35;5306241.58;0.179231;5;3;Panyingkiran;sector_hotel;24
29 Oktober 2020;1731;246808214.42;64813284.97;643708.49;0.009932;7;3;Majalengka;sector_hotel;10
21 Februari 2022;1146;836922727.59;66308729.66;4444889.4;0.067033;12;4;Cigasong;sector_restoran;18
29 April 2020;1864;553827685.0;92020223.38;5979177.93;0.064977;9;1;Leuwimunding;sector_reklame;14
19 Desember 2020;1871;547934862.8;24836833.05;1253633.12;0.050475;3;1;Cigasong;sector_reklame;18
19 Maret 2023;1126;406535276.08;40436055.38;9172439.34;0.226838;6;4;Kasokandel;sector_restoran;7
29 Desember 2022;1107;663076365.69;70342184.51;5883436.0;0.08364;5;2;Argapura;sector_parkir;11
03 April 2022;1874;379962703.14;50598858.22;3885250.42;0.076785;1;3;Sindangwangi;sector_hotel;13
20 Februari 2024;1970;458378478.61;31350912.18;9426054.9;0.300663;3;3;Leuwimunding;sector_hotel;14
24 Juni 2021;1571;933746297.87;8132463.46;1504672.07;0.18502;9;3;Majalengka;sector_hotel;10
07 Mei 2023;1837;589751068.8;59603943.57;2554788.63;0.042863;3;2;Cigasong;sector_parkir;18
25 Mei 2023;1599;630177095.25;63993325.43;1079003.95;0.016861;6;2;Kasokandel;sector_parkir;7
02 April 2020;1057;131119022.07;83566062.72;9273509.9;0.110972;12;3;Jatitujuh;sector_hotel;19
16 September 2020;1938;668941672.01;65648953.53;8641036.02;0.131625;7;2;Ligung;sector_parkir;8
15 September 2022;1181;851962817.26;81668446.14;4234510.06;0.05185;6;1;Lemahsugih;sector_reklame;1
19 Mei 2021;1257;667703449.31;43378664.89;1345637.53;0.031021;2;4;Malausma;sector_restoran;9
03 Desember 2021;1763;221014515.48;43373657.45;5579749.25;0.128644;2;2;Banjaran;sector_parkir;2
07 Januari 2022;1927;389896940.73;83046588.51;3597850.82;0.043323;6;1;Leuwimunding;sector_reklame;14
12 Maret 2023;1426;544666791.95;94231914.41;5292712.15;0.056167;10;4;Argapura;sector_restoran;11
25 April 2020;1138;777453821.78;41330502.6;3337213.13;0.080745;1;4;Cigasong;sector_restoran;18
19 Januari 2023;1946;420804866.99;92611854.23;6432237.78;0.069454;6;1;Jatiwangi;sector_reklame;25
14 Juli 2024;1972;527867765.54;8007146.96;6468663.74;0.807861;11;1;Jatitujuh;sector_reklame;19
14 November 2022;1427;523940342.65;2774478.32;4251640.46;1.532.411;5;3;Talaga;sector_hotel;20
01 Oktober 2023;1944;433267567.42;14852555.55;5091482.18;0.342802;3;2;Sukahaji;sector_parkir;23
20 Oktober 2024;1351;275817939.29;81962942.18;6136176.72;0.074865;3;1;Majalengka;sector_reklame;10
10 Januari 2021;1250;458977809.24;60989510.28;965340.65;0.015828;8;1;Majalengka;sector_reklame;10
04 Maret 2021;1983;828645709.34;86259719.03;7806528.7;0.0905;4;1;Cigasong;sector_reklame;18
01 September 2021;1911;645337743.24;26835961.73;9192267.93;0.342535;9;2;Palasah;sector_parkir;21
04 April 2023;1908;905904364.39;87829003.07;3725159.16;0.042414;5;3;Malausma;sector_hotel;9
20 Juli 2024;1213;828165182.15;96749433.17;6390840.56;0.066056;9;3;Palasah;sector_hotel;21
25 Juni 2022;1059;896343883.48;26840941.32;7138776.71;0.265966;7;3;Panyingkiran;sector_hotel;24
25 Agustus 2021;1210;103178848.89;56941775.6;1126035.09;0.019775;10;1;Banjaran;sector_reklame;2
10 Agustus 2022;1696;920778837.93;307742.87;2845881.08;9.247.594;3;2;Majalengka;sector_parkir;10
03 Juni 2024;1450;574279955.91;72416054.03;6392273.65;0.088271;4;2;Maja;sector_parkir;4
16 April 2024;1147;82723428.66;99784380.48;4496888.51;0.045066;11;4;Majalengka;sector_restoran;10
21 Februari 2024;1857;932113887.71;56342693.63;3758694.68;0.066711;2;1;Maja;sector_reklame;4
16 Agustus 2022;1120;255025326.77;87228799.06;3624159.83;0.041548;7;4;Palasah;sector_restoran;21
25 Juni 2022;1079;353582661.21;86302479.62;5131654.69;0.059461;7;4;Cigasong;sector_restoran;18
10 April 2023;1990;626717828.08;54826691.83;303149.38;0.005529;5;2;Bantarujeg;sector_parkir;16
06 Februari 2023;1584;605430136.7;75610348.87;5434624.69;0.071877;7;1;Maja;sector_reklame;4
25 Desember 2022;1280;890762112.9;57346813.91;2085912.75;0.036374;9;1;Sumberjaya;sector_reklame;5
21 Oktober 2024;1890;780572982.25;49166668.66;8776076.58;0.178496;9;1;Malausma;sector_reklame;9
29 Juni 2021;1390;952361702.05;261335.32;5503255.54;21.058.216;10;4;Sindang;sector_restoran;26
30 Maret 2023;1332;458240156.46;8114841.31;405150.96;0.049927;4;1;Jatitujuh;sector_reklame;19
05 Januari 2024;1250;647416731.36;14844244.87;2929909.65;0.197377;7;2;Sukahaji;sector_parkir;23
11 Desember 2023;1014;925150057.26;90132310.21;3180612.66;0.035288;3;3;Sumberjaya;sector_hotel;5
30 Oktober 2024;1080;213647109.78;12608998.15;1468634.89;0.116475;3;1;Jatitujuh;sector_reklame;19
12 Juni 2021;1159;587287370.09;65988300.33;3215229.41;0.048724;11;4;Kertajati;sector_restoran;17
13 Mei 2023;1500;661814108.14;8699787.66;2996960.57;0.344487;1;2;Majalengka;sector_parkir;10
10 Februari 2020;1359;977969453.12;63936289.39;9999392.4;0.156396;11;1;Palasah;sector_reklame;21
12 September 2020;1148;870727659.12;39828948.21;1966808.04;0.049381;2;4;Cigasong;sector_restoran;18
12 Mei 2022;1263;325284294.41;43190101.89;1262463.87;0.02923;11;4;Jatiwangi;sector_restoran;25
24 Juli 2020;1012;101960262.51;19416041.74;2435418.82;0.125433;8;3;Cigasong;sector_hotel;18
29 Mei 2022;1082;646548353.75;26081486.45;4319509.86;0.165616;10;2;Ligung;sector_parkir;8
04 April 2020;1921;114182649.89;30606820.27;7420314.24;0.24244;5;3;Kadipaten;sector_hotel;6
28 Januari 2024;1522;2532116.83;30213275.08;1289985.41;0.042696;10;4;Rajagaluh;sector_restoran;22
14 November 2023;1527;275379812.5;33160666.42;1944011.83;0.058624;3;1;Sindangwangi;sector_reklame;13
29 November 2021;1747;600455181.16;25571970.67;5000048.92;0.195528;6;3;Sindangwangi;sector_hotel;13
18 Mei 2020;1803;652057678.96;7056376.88;5032907.26;0.713242;2;4;Bantarujeg;sector_restoran;16
02 Desember 2020;1413;255607964.63;62123469.44;4519965.82;0.072758;10;2;Palasah;sector_parkir;21
15 Februari 2023;1016;637980193.92;54316942.35;8884509.21;0.163568;4;1;Cingambul;sector_reklame;12
28 November 2023;1425;878104567.55;82627781.15;3858489.2;0.046697;7;2;Banjaran;sector_parkir;2
08 Desember 2022;1117;351078182.08;49993600.08;6633902.5;0.132695;3;4;Sumberjaya;sector_restoran;5
01 Agustus 2024;1368;111696596.95;82475812.31;8706174.96;0.10556;6;2;Maja;sector_parkir;4
21 Juli 2023;1271;78026992.12;94039856.34;9829171.45;0.104521;2;3;Banjaran;sector_hotel;2
13 September 2024;1063;778861964.45;91951209.68;3809712.32;0.041432;2;1;Sukahaji;sector_reklame;23
30 April 2020;1428;643973159.53;64577530.72;6922057.53;0.10719;9;3;Kertajati;sector_hotel;17
27 Februari 2020;1165;752787576.43;44674179.32;4742172.75;0.10615;10;4;Majalengka;sector_restoran;10
23 Oktober 2023;1878;295682644.79;20552431.66;2720773.45;0.132382;12;4;Panyingkiran;sector_restoran;24
15 Maret 2022;1164;993351341.3;40867823.96;5265579.66;0.128844;10;3;Kasokandel;sector_hotel;7
15 Mei 2021;1842;974142865.73;86663763.99;3752536.83;0.0433;2;1;Cigasong;sector_reklame;18
24 November 2024;1281;191415373.64;75372514.62;2756574.07;0.036573;9;2;Cigasong;sector_parkir;18
25 September 2021;1974;69452663.86;54153986.73;7752924.8;0.143164;12;2;Kadipaten;sector_parkir;6
07 Maret 2021;1836;286625846.27;48028359.61;7920971.97;0.164923;1;4;Maja;sector_restoran;4
16 September 2023;1291;480095826.73;99085115.53;3536520.05;0.035692;11;3;Cigasong;sector_hotel;18
15 April 2022;1529;622811687.29;44721130.22;3453350.94;0.07722;4;3;Banjaran;sector_hotel;2
14 Januari 2023;1798;185457492.53;40064273.65;1786191.02;0.044583;5;1;Lemahsugih;sector_reklame;1
19 Maret 2022;1434;953022818.69;51303287.11;8131724.79;0.158503;2;2;Talaga;sector_parkir;20
11 Juni 2024;1812;637422387.51;44506017.08;9698264.68;0.217909;11;3;Majalengka;sector_hotel;10
22 November 2020;1576;297376187.82;86973949.47;4657708.98;0.053553;11;3;Leuwimunding;sector_hotel;14
03 Mei 2024;1466;98000822.94;7504346.15;5242485.12;0.698593;5;2;Kertajati;sector_parkir;17
20 Oktober 2024;1606;713664280.22;16298572.5;898721.55;0.055141;1;1;Malausma;sector_reklame;9
18 April 2024;1994;271673651.76;1988164.43;754557.9;0.379525;1;1;Sindang;sector_reklame;26
10 Desember 2021;1455;740869797.07;24108877.2;9240822.22;0.383295;5;2;Sindangwangi;sector_parkir;13
09 Januari 2020;1465;190676323.69;78837456.31;7745616.28;0.098248;3;1;Sukahaji;sector_reklame;23
23 Juni 2023;1938;865093334.77;628791.89;3680141.34;5.852.718;8;3;Majalengka;sector_hotel;10
28 Mei 2020;1644;349893380.59;61066311.04;5694381.12;0.093249;2;1;Maja;sector_reklame;4
26 Desember 2023;1481;416429547.16;94573991.37;7757737.96;0.082028;6;1;Cingambul;sector_reklame;12
06 Desember 2023;1029;693981374.21;52884440.37;2698529.52;0.051027;8;4;Cigasong;sector_restoran;18
03 Juni 2023;1280;12649020.61;84919806.1;8858498.34;0.104316;10;4;Jatitujuh;sector_restoran;19
09 Oktober 2023;1898;598104643.73;35946338.7;8073212.12;0.224591;12;1;Sumberjaya;sector_reklame;5
28 Oktober 2020;1433;96207823.45;45953631.49;797664.97;0.017358;4;1;Leuwimunding;sector_reklame;14
27 Februari 2022;1157;652577669.99;76997633.38;9398314.57;0.12206;4;1;Cingambul;sector_reklame;12
17 Januari 2023;1623;206894196.62;66943371.15;1348662.84;0.020146;10;2;Rajagaluh;sector_parkir;22
25 Juli 2022;1503;344656628.19;77008896.82;6949177.66;0.090239;10;1;Sumberjaya;sector_reklame;5
20 September 2021;1489;223515218.52;15408068.44;5103905.52;0.331249;7;1;Palasah;sector_reklame;21
30 Oktober 2020;1853;329625888.11;25225441.7;6192368.55;0.245481;1;2;Panyingkiran;sector_parkir;24
03 September 2024;1578;869702942.41;58869996.49;5933687.51;0.100793;2;4;Argapura;sector_restoran;11
24 Desember 2020;1021;521033348.4;8666089.03;997312.77;0.115082;8;3;Talaga;sector_hotel;20
25 November 2023;1406;632937499.38;696280.47;9129347.28;13.111.595;3;4;Sindangwangi;sector_restoran;13
31 Januari 2022;1067;336785670.61;247088.94;4333789.18;1.753.939;1;4;Cikijing;sector_restoran;3
10 September 2020;1362;249893233.82;89646423.95;3930778.06;0.043848;9;3;Lemahsugih;sector_hotel;1
02 Agustus 2024;1248;773604958.87;26342476.69;8585751.99;0.325928;12;2;Cikijing;sector_parkir;3
05 April 2022;1739;784493040.32;54697396.08;3885265.94;0.071032;2;1;Majalengka;sector_reklame;10
29 Oktober 2023;1236;277277583.4;11111744.77;4810929.1;0.432959;5;3;Argapura;sector_hotel;11
27 Mei 2020;1255;576676156.16;19759884.58;917421.67;0.046428;6;3;Sindangwangi;sector_hotel;13
10 September 2020;1299;82413809.02;3611187.63;4325901.87;1.197.917;4;4;Rajagaluh;sector_restoran;22
26 Agustus 2020;1384;797769517.07;24487546.35;8284728.51;0.338324;9;3;Malausma;sector_hotel;9
23 Februari 2024;1817;946714044.43;20818773.97;5100762.67;0.245008;2;4;Panyingkiran;sector_restoran;24
12 Juli 2023;1438;986916483.13;99774150.17;6946153.18;0.069619;8;1;Ligung;sector_reklame;8
12 Maret 2020;1225;30557750.18;344315.19;5145487.36;1.494.412;4;1;Cigasong;sector_reklame;18
24 Juli 2021;1827;853035640.18;81623963.58;6289905.94;0.07706;3;4;Rajagaluh;sector_restoran;22
20 Oktober 2024;1990;664099959.6;96492332.56;3147948.18;0.032624;6;4;Kertajati;sector_restoran;17
06 Agustus 2024;1495;41055139.08;5640253.86;9837449.23;174.415;10;1;Dawuan;sector_reklame;15
11 Januari 2022;1537;270786268.41;88687847.51;3871816.36;0.043657;2;2;Cigasong;sector_parkir;18
29 November 2020;1289;722802553.86;70556603.96;3728630.36;0.052846;2;3;Sumberjaya;sector_hotel;5
02 Agustus 2020;1574;120197943.1;87747492.12;3909180.17;0.04455;4;4;Kasokandel;sector_restoran;7
11 Agustus 2022;1300;1550464.58;81146081.84;6476176.77;0.079809;4;4;Kadipaten;sector_restoran;6
27 Oktober 2022;1215;209396486.5;94607039.4;8484523.34;0.089682;4;4;Majalengka;sector_restoran;10
27 Maret 2021;1057;309558184.12;93334130.97;876716.39;0.009393;12;4;Bantarujeg;sector_restoran;16
21 Februari 2024;1429;153811970.51;22512626.1;5655790.25;0.251227;10;1;Sukahaji;sector_reklame;23
31 Oktober 2022;1488;228055488.26;37935153.82;5487779.84;0.144662;11;2;Cigasong;sector_parkir;18
03 April 2023;1558;180870625.87;78708287.76;7075517.51;0.089895;3;1;Panyingkiran;sector_reklame;24
20 Desember 2021;1327;181124502.84;9930603.03;6740300.12;0.67874;2;2;Banjaran;sector_parkir;2
07 November 2023;1567;939290695.01;19393870.92;3127695.62;0.161272;6;1;Majalengka;sector_reklame;10
24 Juni 2021;1207;776783516.48;43345599.14;3156355.84;0.072818;3;4;Ligung;sector_restoran;8
23 Februari 2020;1029;617189350.17;96353699.36;3287057.73;0.034114;10;2;Sukahaji;sector_parkir;23
04 Februari 2022;1064;621663128.86;65883030.3;7874907.77;0.119529;10;1;Cingambul;sector_reklame;12
24 November 2021;1139;494838076.42;99775474.01;8247907.57;0.082665;10;3;Cigasong;sector_hotel;18
30 Januari 2022;1865;565062811.26;47326455.91;7615862.64;0.160922;5;3;Jatiwangi;sector_hotel;25
29 Oktober 2023;1939;938017129.79;17373106.34;7994046.49;0.460139;1;3;Banjaran;sector_hotel;2
10 Maret 2024;1395;430401371.31;39064469.56;3806757.82;0.097448;9;4;Talaga;sector_restoran;20
29 Juli 2020;1045;335510568.64;46421073.08;5977040.67;0.128757;4;2;Dawuan;sector_parkir;15
29 Maret 2023;1607;886045393.0;19845922.47;2263513.29;0.114054;11;3;Jatiwangi;sector_hotel;25
11 Juni 2024;1281;474827702.36;59575081.75;6667265.92;0.111914;4;4;Rajagaluh;sector_restoran;22
02 September 2024;1202;521039192.6;20342186.13;9300288.19;0.457192;8;3;Jatiwangi;sector_hotel;25
08 Mei 2020;1481;790561392.39;59320855.08;9565601.81;0.161252;9;4;Dawuan;sector_restoran;15
20 Maret 2021;1388;22500248.47;95456523.47;4668274.22;0.048905;7;2;Jatiwangi;sector_parkir;25
20 November 2024;1798;696482972.41;15346211.7;3286070.85;0.214129;6;2;Cingambul;sector_parkir;12
20 Januari 2024;1714;287003709.14;4676466.81;4111181.77;0.879121;12;3;Argapura;sector_hotel;11
07 Mei 2022;1133;798548833.21;18320611.41;4870545.86;0.265851;10;1;Sindang;sector_reklame;26
22 Juni 2021;1761;204893511.73;49177234.18;9801130.45;0.199302;3;3;Palasah;sector_hotel;21
09 Mei 2022;1964;487981006.01;91434612.3;2016357.52;0.022052;6;4;Kasokandel;sector_restoran;7
05 Februari 2022;1000;179741568.6;88215401.21;2144077.03;0.024305;5;1;Lemahsugih;sector_reklame;1
20 Juli 2023;1880;756082067.87;30676255.24;5971144.46;0.19465;11;4;Sindang;sector_restoran;26
22 Oktober 2020;1566;741317429.75;95624454.34;2606011.92;0.027253;9;1;Majalengka;sector_reklame;10
27 Januari 2023;1772;936077362.5;14371686.88;5308309.47;0.369359;8;2;Rajagaluh;sector_parkir;22
02 Juni 2022;1335;524542962.76;49947564.83;6985471.88;0.139856;9;2;Kasokandel;sector_parkir;7
07 Maret 2021;1586;39557560.41;46438988.48;6489739.02;0.139748;12;3;Panyingkiran;sector_hotel;24
03 Desember 2022;1853;523032260.81;54391672.36;5987398.06;0.110079;11;1;Dawuan;sector_reklame;15
16 April 2022;1091;594462426.29;5636225.04;4345958.38;0.771076;7;4;Kertajati;sector_restoran;17
09 Januari 2021;1703;982911634.54;71529251.53;6557049.79;0.091669;2;2;Rajagaluh;sector_parkir;22
05 Mei 2020;1128;809731531.17;55415842.63;2043585.68;0.036877;11;4;Jatiwangi;sector_restoran;25
30 Juni 2020;1045;603234421.87;44355691.57;83740.91;0.001888;3;2;Bantarujeg;sector_parkir;16
28 September 2021;1571;727394126.12;77103495.19;2876500.19;0.037307;2;3;Majalengka;sector_hotel;10
09 April 2023;1872;545827847.19;90710938.72;3142395.82;0.034642;5;2;Leuwimunding;sector_parkir;14
22 Juli 2024;1391;130609190.17;77547583.63;214817.37;0.00277;5;4;Dawuan;sector_restoran;15
11 Oktober 2023;1182;502763659.98;22217814.04;3059248.99;0.137694;11;2;Maja;sector_parkir;4
09 Februari 2020;1786;193772431.94;30302416.86;8438311.55;0.27847;4;1;Kasokandel;sector_reklame;7
20 Oktober 2023;1049;604766531.82;92777630.5;1812039.43;0.019531;2;1;Jatitujuh;sector_reklame;19
06 Mei 2021;1491;283038754.85;4416334.61;6474114.24;1.465.947;11;4;Palasah;sector_restoran;21
29 Juni 2021;1684;38949107.15;78551387.42;2515627.1;0.032025;5;2;Talaga;sector_parkir;20
25 Juni 2024;1994;426959668.97;30875399.84;5727462.49;0.185502;4;4;Palasah;sector_restoran;21
30 November 2020;1347;938342461.79;25560044.84;9782592.69;0.38273;1;4;Argapura;sector_restoran;11
28 September 2024;1176;259146774.75;28121265.94;9825736.61;0.349406;10;4;Bantarujeg;sector_restoran;16
17 Januari 2023;1464;684245310.31;50604563.6;7198796.95;0.142256;7;2;Talaga;sector_parkir;20
13 Mei 2022;1160;170578695.03;41499687.8;394531.82;0.009507;1;2;Rajagaluh;sector_parkir;22
13 Maret 2022;1921;422289209.64;61011022.0;1587478.13;0.02602;2;2;Dawuan;sector_parkir;15
06 Januari 2022;1573;461440295.43;58684757.94;5018044.51;0.085508;9;4;Majalengka;sector_restoran;10
17 Agustus 2022;1384;603740402.32;40118750.82;7279495.74;0.181449;8;4;Kasokandel;sector_restoran;7
11 Juli 2021;1030;322948583.17;13067674.9;7234315.5;0.553604;3;2;Dawuan;sector_parkir;15
19 November 2021;1333;13713125.08;94021975.57;5759386.12;0.061256;12;4;Kasokandel;sector_restoran;7
12 April 2022;1736;890725015.47;71409375.64;7042396.46;0.09862;12;1;Banjaran;sector_reklame;2
23 Februari 2022;1754;122307362.03;98046026.9;7166903.16;0.073097;11;2;Talaga;sector_parkir;20
29 Agustus 2024;1857;137746421.62;31878349.33;8520464.59;0.267281;1;4;Cigasong;sector_restoran;18
06 Desember 2024;1485;554810296.41;72150728.85;7311270.31;0.101333;2;4;Panyingkiran;sector_restoran;24
08 November 2023;1398;77124769.27;74317659.18;455578.32;0.00613;1;2;Palasah;sector_parkir;21
05 Agustus 2021;1126;955634657.96;10155156.72;8223358.95;0.809772;7;3;Bantarujeg;sector_hotel;16
27 Maret 2021;1120;587133779.56;81003001.94;8099438.99;0.099989;10;1;Kadipaten;sector_reklame;6
11 November 2024;1704;285646006.57;19278374.96;7734170.05;0.401184;12;2;Ligung;sector_parkir;8
01 Oktober 2022;1480;57438177.0;31038245.55;2002470.57;0.064516;3;4;Jatiwangi;sector_restoran;25
27 Juli 2020;1620;170380221.52;41736844.56;3122857.08;0.074823;12;4;Majalengka;sector_restoran;10
25 Februari 2022;1393;555713235.18;26046598.62;4193138.75;0.160986;8;3;Panyingkiran;sector_hotel;24
23 Februari 2024;1376;72630018.4;86266977.17;7190965.57;0.083357;5;1;Jatitujuh;sector_reklame;19
01 September 2022;1633;540586835.72;63092273.38;2379234.34;0.03771;2;4;Cikijing;sector_restoran;3
11 April 2022;1104;361309331.75;16823795.65;985825.97;0.058597;6;3;Sindang;sector_hotel;26
08 Mei 2020;1320;287626012.84;5563469.75;5071774.46;0.911621;3;3;Kasokandel;sector_hotel;7
11 Januari 2021;1855;958615572.82;10737163.94;2102511.34;0.195816;7;3;Jatiwangi;sector_hotel;25
26 November 2021;1826;408833836.95;67825275.03;3873378.73;0.057108;6;1;Leuwimunding;sector_reklame;14
18 Desember 2024;1516;331506111.73;2239002.62;31565.19;0.014098;3;2;Argapura;sector_parkir;11
28 Juli 2022;1393;337031073.7;40685594.88;4154328.52;0.102108;6;3;Cikijing;sector_hotel;3
18 Maret 2020;1980;749026474.25;26065227.92;4341198.11;0.166551;5;4;Kertajati;sector_restoran;17
31 Mei 2023;1744;66224658.71;14782251.0;243537.4;0.016475;9;2;Malausma;sector_parkir;9
01 Februari 2020;1498;548622623.71;34114250.95;3588786.1;0.105199;11;4;Talaga;sector_restoran;20
04 Oktober 2023;1598;754452132.11;25070920.35;7843684.34;0.31286;8;4;Dawuan;sector_restoran;15
22 Juni 2024;1770;12327534.35;83382849.75;198048.13;0.002375;5;2;Sumberjaya;sector_parkir;5
23 Mei 2021;1889;308600123.09;88134877.04;6992559.7;0.079339;12;1;Banjaran;sector_reklame;2
21 Mei 2022;1231;21537596.19;36455377.22;98257.2;0.002695;4;4;Palasah;sector_restoran;21
26 Januari 2021;1591;18570852.75;95758066.16;5628373.89;0.058777;10;3;Kadipaten;sector_hotel;6
26 Januari 2023;1707;843093246.66;97954766.72;456543.85;0.004661;7;2;Sumberjaya;sector_parkir;5
18 Desember 2022;1044;341253285.37;91593466.01;7024543.12;0.076693;9;2;Cigasong;sector_parkir;18
20 Februari 2023;1649;391483592.72;77000625.92;5481188.41;0.071184;3;3;Talaga;sector_hotel;20
01 Desember 2023;1646;163154820.84;30122939.9;7608732.95;0.252589;2;3;Sukahaji;sector_hotel;23
13 Agustus 2024;1577;105233942.55;83305012.14;6973454.28;0.08371;6;2;Sindang;sector_parkir;26
24 Desember 2021;1440;307076884.07;26131045.08;7170398.2;0.274402;9;2;Cingambul;sector_parkir;12
02 November 2022;1372;450473787.84;24788154.55;1107019.29;0.044659;7;2;Dawuan;sector_parkir;15
20 Juli 2021;1825;912520929.54;63890209.33;2335079.92;0.036548;4;2;Leuwimunding;sector_parkir;14
01 September 2024;1323;310836617.45;64196358.96;683545.76;0.010648;7;1;Sindang;sector_reklame;26
07 Oktober 2024;1491;545581076.57;29293916.49;1515373.18;0.05173;1;3;Leuwimunding;sector_hotel;14
13 Mei 2024;1284;115900484.58;48560946.57;2652542.96;0.054623;11;2;Kertajati;sector_parkir;17
04 Agustus 2024;1368;359993651.07;839237.22;5066508.53;603.704;2;1;Argapura;sector_reklame;11
07 April 2021;1182;379527763.51;88705887.98;3594268.84;0.040519;11;4;Jatitujuh;sector_restoran;19
24 Juli 2020;1708;781584879.17;22551600.68;6725376.05;0.298222;1;3;Dawuan;sector_hotel;15
25 Juli 2023;1899;981306953.48;56756085.58;2507236.13;0.044176;12;3;Kasokandel;sector_hotel;7
26 November 2021;1679;445680402.68;75711616.32;9228947.9;0.121896;10;2;Bantarujeg;sector_parkir;16
05 Februari 2023;1838;656304022.04;23298090.69;3772737.64;0.161933;1;2;Lemahsugih;sector_parkir;1
23 Februari 2020;1875;1387898.64;80368201.29;6957687.8;0.086573;10;2;Jatitujuh;sector_parkir;19
27 September 2020;1913;502168600.81;93857348.96;2832803.16;0.030182;9;3;Rajagaluh;sector_hotel;22
06 Mei 2023;1070;972456597.42;13931939.7;2841645.9;0.203966;8;4;Rajagaluh;sector_restoran;22
09 Juni 2023;1124;493872506.53;25643305.19;7631402.88;0.297598;3;2;Jatiwangi;sector_parkir;25
18 Juli 2024;1141;103730177.67;2690463.42;2002264.9;0.744208;11;1;Sukahaji;sector_reklame;23
24 April 2024;1706;410315313.69;90805677.34;5601303.99;0.061685;10;4;Sukahaji;sector_restoran;23
01 April 2020;1436;418391218.22;35402809.39;7317381.7;0.206689;12;4;Dawuan;sector_restoran;15
16 April 2021;1201;396140185.89;15517910.13;1520108.34;0.097958;9;3;Cingambul;sector_hotel;12
20 Februari 2024;1891;597455494.62;12878896.46;1648693.22;0.128015;10;1;Kertajati;sector_reklame;17
26 November 2020;1162;485965884.64;27687217.64;3160279.52;0.114142;11;3;Cikijing;sector_hotel;3
27 Juli 2024;1766;771010056.26;81729721.44;7774689.08;0.095127;11;4;Sukahaji;sector_restoran;23
02 Agustus 2021;1545;814605918.19;30904760.11;8617036.14;0.278826;7;1;Sumberjaya;sector_reklame;5
21 November 2022;1857;307559232.46;74036130.3;112462.73;0.001519;2;1;Palasah;sector_reklame;21
20 November 2023;1273;717375484.61;55201805.64;8438598.67;0.152868;1;2;Sindang;sector_parkir;26
15 Agustus 2023;1836;784754330.45;90474798.09;474167.36;0.005241;11;1;Panyingkiran;sector_reklame;24
25 Agustus 2023;1867;438941623.95;43399739.15;3402511.88;0.078399;12;4;Malausma;sector_restoran;9
28 Mei 2020;1686;26585024.46;64211924.69;6347483.37;0.098852;5;4;Palasah;sector_restoran;21
18 Juni 2021;1903;524826195.09;75814334.21;5087278.3;0.067102;9;4;Sumberjaya;sector_restoran;5
14 Desember 2024;1741;327907974.91;38770631.3;7829716.93;0.20195;8;1;Argapura;sector_reklame;11
26 Agustus 2022;1637;21195603.52;81394013.85;970480.45;0.011923;4;2;Bantarujeg;sector_parkir;16
07 Agustus 2023;1901;794277413.22;95503732.88;8709102.17;0.091191;3;4;Rajagaluh;sector_restoran;22
30 September 2020;1276;213109455.67;52519852.9;4741067.64;0.090272;12;4;Kadipaten;sector_restoran;6
01 Oktober 2023;1463;172335328.12;9283866.48;3418507.12;0.36822;4;3;Majalengka;sector_hotel;10
16 November 2023;1678;940109308.34;53561658.51;6716876.64;0.125405;1;3;Maja;sector_hotel;4
09 Oktober 2021;1746;231366826.07;47057537.75;2663536.77;0.056602;8;2;Talaga;sector_parkir;20
16 Februari 2021;1106;862869490.59;20163270.16;2945185.72;0.146067;7;2;Argapura;sector_parkir;11
14 Februari 2020;1659;645708101.84;8131264.53;8106003.51;0.996893;2;1;Kadipaten;sector_reklame;6
12 April 2024;1674;460168263.06;72370837.26;5690634.96;0.078632;3;1;Rajagaluh;sector_reklame;22
06 Juli 2024;1434;687255174.73;11051170.93;2756882.66;0.249465;6;1;Argapura;sector_reklame;11
16 Agustus 2024;1951;30125744.09;82317827.55;3625556.03;0.044043;2;3;Bantarujeg;sector_hotel;16
24 Oktober 2021;1335;957529194.17;38794970.65;8455569.3;0.217955;11;2;Leuwimunding;sector_parkir;14
26 November 2022;1733;159551427.51;18194997.21;6338761.49;0.348379;5;2;Kasokandel;sector_parkir;7
17 Oktober 2020;1337;4803228.54;67014498.51;9582987.15;0.142999;7;1;Kadipaten;sector_reklame;6
24 Agustus 2023;1047;289389990.64;48975303.58;4416755.02;0.090183;2;1;Bantarujeg;sector_reklame;16
11 Juli 2024;1250;241137946.42;14464828.01;1988550.49;0.137475;5;2;Maja;sector_parkir;4
01 Oktober 2022;1760;181173652.47;47393118.12;1150101.55;0.024267;11;1;Panyingkiran;sector_reklame;24
11 Juni 2020;1989;167577279.91;67356855.75;9500681.06;0.14105;2;1;Cikijing;sector_reklame;3
06 Desember 2021;1342;148446646.91;3979426.98;5940641.7;1.492.838;12;4;Kasokandel;sector_restoran;7
02 Desember 2023;1091;561400920.26;498507.6;9648130.38;19.354.029;5;4;Sindang;sector_restoran;26
07 Maret 2021;1187;456724293.41;74359707.2;2646801.4;0.035595;12;4;Cingambul;sector_restoran;12
01 Agustus 2021;1167;460500518.92;7411750.43;9868252.16;1.331.433;1;3;Sukahaji;sector_hotel;23
27 Februari 2020;1961;32832763.77;6462503.94;9284276.46;1.436.638;9;1;Kadipaten;sector_reklame;6
30 Mei 2022;1438;504840535.84;95920460.93;1818995.07;0.018964;10;2;Kertajati;sector_parkir;17
21 Maret 2023;1073;354133271.28;90821652.31;2436230.71;0.026824;6;2;Jatitujuh;sector_parkir;19
28 Maret 2024;1051;253173172.18;89405467.53;6627766.52;0.074132;12;3;Palasah;sector_hotel;21
15 Desember 2022;1116;35228413.22;83633903.32;9231656.6;0.110382;2;3;Dawuan;sector_hotel;15
17 Februari 2021;1583;502535128.73;79635133.16;665166.01;0.008353;5;3;Dawuan;sector_hotel;15
28 Juli 2022;1202;902260022.05;20891197.96;9780561.32;0.468167;5;3;Kadipaten;sector_hotel;6
23 Mei 2023;1393;917860417.81;51320021.6;3212297.4;0.062593;4;4;Panyingkiran;sector_restoran;24
18 November 2023;1875;927997767.89;14667626.62;1640142.1;0.111821;5;4;Sumberjaya;sector_restoran;5
25 Januari 2021;1784;190157904.5;24204133.76;145904.46;0.006028;5;3;Talaga;sector_hotel;20
26 Juni 2021;1254;365481815.11;33136903.36;9847988.52;0.297191;1;3;Leuwimunding;sector_hotel;14
31 Mei 2020;1628;354262602.46;84533913.73;656545.93;0.007767;9;4;Majalengka;sector_restoran;10
08 September 2022;1356;635198412.48;24681882.63;7030805.59;0.284857;6;4;Talaga;sector_restoran;20
20 Januari 2021;1253;178207855.55;19082739.79;2185994.35;0.114553;4;1;Kasokandel;sector_reklame;7
15 November 2023;1005;250083829.5;82593108.11;4468840.27;0.054107;10;1;Kasokandel;sector_reklame;7
28 Juli 2024;1586;630692982.63;85757318.23;5046025.62;0.058841;4;1;Kadipaten;sector_reklame;6
10 Juli 2020;1253;983713373.89;77819342.16;7812869.52;0.100398;9;2;Bantarujeg;sector_parkir;16
15 Februari 2020;1611;29344156.77;74126999.37;1309121.53;0.017661;12;4;Jatiwangi;sector_restoran;25
24 Maret 2023;1999;597213762.96;18784275.97;6606547.88;0.351706;8;4;Argapura;sector_restoran;11
01 Februari 2022;1632;480018462.34;41776992.6;8527081.11;0.20411;11;3;Cingambul;sector_hotel;12
24 Mei 2020;1973;135799067.25;19315738.19;8134962.76;0.421157;11;4;Banjaran;sector_restoran;2
03 September 2022;1383;518145992.4;96378950.7;2191532.31;0.022739;1;2;Panyingkiran;sector_parkir;24
06 Juni 2024;1966;651578165.99;76301524.93;2237979.86;0.029331;8;2;Cingambul;sector_parkir;12
29 Juni 2021;1773;641913033.6;14187490.79;9132517.37;0.643702;9;3;Sumberjaya;sector_hotel;5
09 September 2022;1387;653680491.08;15148394.56;7177527.93;0.473814;4;3;Dawuan;sector_hotel;15
30 Juni 2022;1650;288288767.98;7404784.06;4909506.08;0.663018;10;1;Cigasong;sector_reklame;18
10 Januari 2021;1940;71912767.68;23291424.75;2163226.1;0.092877;6;3;Argapura;sector_hotel;11
27 Oktober 2020;1128;615823325.15;29532183.78;1363727.04;0.046178;5;3;Panyingkiran;sector_hotel;24
26 Oktober 2021;1936;972142219.93;95208537.38;8973790.89;0.094254;4;1;Kadipaten;sector_reklame;6
27 November 2023;1668;456021460.04;26274852.33;2265169.92;0.086211;5;4;Talaga;sector_restoran;20
07 Maret 2020;1660;304468702.92;49760309.02;5217100.6;0.104845;8;4;Leuwimunding;sector_restoran;14
06 Maret 2022;1389;668529737.12;56293124.56;3716479.91;0.06602;9;1;Panyingkiran;sector_reklame;24
24 Mei 2023;1107;66892410.44;68982048.92;1311985.85;0.019019;3;1;Bantarujeg;sector_reklame;16
22 Agustus 2024;1993;9012703.99;45467854.79;2340725.63;0.051481;11;4;Argapura;sector_restoran;11
21 April 2020;1172;665182398.53;66631990.05;3529463.53;0.05297;10;4;Majalengka;sector_restoran;10
24 September 2021;1941;256563509.83;1725545.47;907658.89;0.526013;12;3;Jatitujuh;sector_hotel;19
11 Juli 2023;1601;84820089.19;30665094.54;5389206.33;0.175744;2;3;Cikijing;sector_hotel;3
03 Desember 2023;1627;454983636.14;74405953.7;1331024.15;0.017889;3;3;Lemahsugih;sector_hotel;1
31 Juli 2023;1337;163588842.01;88870615.76;4431154.7;0.049861;2;2;Maja;sector_parkir;4
26 Januari 2024;1570;469685636.71;13905512.79;5702484.46;0.410088;3;2;Sukahaji;sector_parkir;23
06 November 2020;1664;403074954.91;51317138.86;277708.39;0.005412;11;1;Sindang;sector_reklame;26
24 Juni 2024;1661;790598276.36;14128798.89;1038533.47;0.073505;5;1;Dawuan;sector_reklame;15
20 Februari 2022;1655;433721832.8;19048695.92;8119517.14;0.426251;9;3;Malausma;sector_hotel;9
13 Oktober 2021;1126;336223939.48;46462263.84;4369058.02;0.094035;2;1;Cingambul;sector_reklame;12
23 Agustus 2021;1904;616648006.63;7868917.37;739999.58;0.094041;2;1;Palasah;sector_reklame;21
05 Juli 2022;1238;140123799.91;23434795.79;7036867.75;0.300274;9;4;Sukahaji;sector_restoran;23
27 September 2023;1869;302039408.55;7144700.7;2946411.09;0.412391;6;3;Sumberjaya;sector_hotel;5
04 April 2022;1021;958207450.01;40740741.25;2000534.94;0.049104;2;1;Palasah;sector_reklame;21
08 November 2023;1725;916028183.71;61178543.49;2491882.36;0.040731;8;3;Talaga;sector_hotel;20
01 Oktober 2022;1058;429907818.91;33767561.08;8108256.29;0.24012;1;3;Sindangwangi;sector_hotel;13
25 Oktober 2023;1768;57774883.49;64675322.05;3006725.38;0.04649;1;3;Sukahaji;sector_hotel;23
11 Januari 2024;1738;47184362.47;30057381.5;8222321.88;0.273554;10;4;Cikijing;sector_restoran;3
19 September 2024;1453;611671346.66;25815255.92;2188521.01;0.084776;8;3;Leuwimunding;sector_hotel;14
17 September 2024;1789;760823532.08;96202825.67;1469634.86;0.015276;10;2;Kasokandel;sector_parkir;7
16 Maret 2020;1397;89423597.32;47920695.37;6805523.51;0.142016;1;4;Cingambul;sector_restoran;12
11 April 2024;1333;89172438.5;10224892.95;6286923.43;0.614864;5;1;Sumberjaya;sector_reklame;5
02 Maret 2024;1350;148806641.67;62513809.24;3345164.21;0.053511;5;1;Kertajati;sector_reklame;17
05 September 2023;1567;816012408.94;4017050.74;9511686.5;2.367.828;2;1;Talaga;sector_reklame;20
15 Mei 2021;1022;92685743.87;10124648.42;4533073.1;0.447726;11;3;Banjaran;sector_hotel;2
11 November 2020;1630;840003694.25;93728449.29;3668567.31;0.03914;9;1;Cikijing;sector_reklame;3
19 April 2024;1010;654429294.06;96724818.8;7569224.89;0.078255;8;2;Panyingkiran;sector_parkir;24
01 Oktober 2021;1401;896479484.2;38674208.12;670175.25;0.017329;12;1;Rajagaluh;sector_reklame;22
07 Mei 2024;1371;953172853.82;67983005.65;2008600.41;0.029546;1;3;Maja;sector_hotel;4
02 Juni 2021;1550;148229288.64;23325366.3;3976001.1;0.170458;10;4;Dawuan;sector_restoran;15
21 September 2023;1684;462101376.15;22668505.71;6014432.35;0.265321;6;3;Rajagaluh;sector_hotel;22
02 Juni 2021;1209;818665650.81;81301183.49;9640813.89;0.118581;10;1;Maja;sector_reklame;4
31 Mei 2022;1545;707713988.83;67681189.61;5799702.92;0.085692;2;4;Sindangwangi;sector_restoran;13
18 Februari 2020;1542;591444866.54;15826601.24;3241348.58;0.204804;2;2;Cigasong;sector_parkir;18
28 Juni 2024;1407;990591784.9;23176013.42;9708319.57;0.418895;10;1;Maja;sector_reklame;4
30 November 2024;1907;34795247.36;18043828.78;7524851.92;0.417032;5;4;Ligung;sector_restoran;8
20 Agustus 2024;1543;297124340.98;46025773.07;5303138.35;0.115221;11;2;Ligung;sector_parkir;8
08 Oktober 2023;1550;790244719.67;62267474.87;4093153.56;0.065735;9;2;Sumberjaya;sector_parkir;5
16 Agustus 2021;1766;135058336.89;36308450.99;3405385.03;0.09379;10;3;Dawuan;sector_hotel;15
16 Desember 2023;1260;82720596.35;51906128.84;5065559.76;0.097591;10;3;Sumberjaya;sector_hotel;5
29 Agustus 2022;1867;873812202.24;3537647.83;5079177.83;143.575;11;2;Ligung;sector_parkir;8
13 April 2024;1699;222436527.35;97842856.0;6005207.12;0.061376;4;2;Cingambul;sector_parkir;12
05 Agustus 2022;1693;637226874.6;42201635.57;824599.78;0.01954;10;3;Cingambul;sector_hotel;12
02 Januari 2024;1587;229051498.06;53439679.7;809362.54;0.015145;6;3;Palasah;sector_hotel;21
30 November 2022;1076;499830050.15;22066740.72;617195.76;0.02797;10;3;Rajagaluh;sector_hotel;22
29 Juni 2020;1128;708003010.93;70217009.74;232755.64;0.003315;2;2;Jatiwangi;sector_parkir;25
08 Februari 2023;1521;752632276.37;29225135.6;1382686.49;0.047312;4;4;Bantarujeg;sector_restoran;16
30 Oktober 2024;1283;582814679.19;18640955.93;5858026.07;0.314256;10;2;Dawuan;sector_parkir;15
18 Desember 2022;1240;770550785.59;84994970.48;2755848.35;0.032424;12;4;Sindang;sector_restoran;26
28 November 2023;1275;627790903.39;16976452.2;3256132.72;0.191803;7;4;Majalengka;sector_restoran;10
08 Februari 2020;1327;887680589.53;87300508.81;3036633.81;0.034784;10;1;Sumberjaya;sector_reklame;5
02 September 2021;1257;765761237.5;10428870.35;4866395.25;0.466627;1;3;Kadipaten;sector_hotel;6
05 September 2020;1852;24535766.46;71280575.85;7785248.41;0.10922;6;4;Jatitujuh;sector_restoran;19
18 November 2023;1147;708049040.96;13086331.0;3328475.61;0.254348;10;1;Leuwimunding;sector_reklame;14
12 Januari 2024;1602;60806859.4;92932434.03;1669129.45;0.017961;6;2;Talaga;sector_parkir;20
15 April 2021;1807;857905940.53;61264306.05;3873113.49;0.06322;8;2;Talaga;sector_parkir;20
13 April 2023;1716;10642120.0;36038488.55;1790574.49;0.049685;2;2;Sukahaji;sector_parkir;23
04 November 2023;1033;534645811.88;7719993.91;1932748.18;0.250356;3;1;Malausma;sector_reklame;9
22 November 2020;1895;407160978.64;53900207.12;8048005.62;0.149313;12;4;Talaga;sector_restoran;20
11 Juni 2023;1409;521308788.01;41126729.62;2855999.42;0.069444;12;4;Sukahaji;sector_restoran;23
17 November 2020;1386;14681104.7;5858433.25;1907438.6;0.325589;6;3;Argapura;sector_hotel;11
04 Oktober 2020;1795;946157143.18;49888069.88;7081904.24;0.141956;12;3;Bantarujeg;sector_hotel;16
06 Juni 2023;1022;793345682.4;22777466.66;6351364.27;0.278844;1;2;Cikijing;sector_parkir;3
09 November 2024;1625;181042046.67;29296705.66;5070040.33;0.173058;5;1;Sukahaji;sector_reklame;23
28 Oktober 2022;1230;177893856.6;89339330.18;4185858.51;0.046853;10;4;Majalengka;sector_restoran;10
18 Mei 2023;1284;746024824.63;29464070.23;9171975.57;0.311294;7;3;Palasah;sector_hotel;21
14 April 2024;1759;830034328.55;15326937.47;9395128.09;0.612981;5;2;Sukahaji;sector_parkir;23
07 April 2023;1254;324872030.12;65831996.96;828408.07;0.012584;5;1;Kadipaten;sector_reklame;6
02 September 2021;1304;115403662.11;1770201.17;2103959.96;1.188.543;1;1;Sindangwangi;sector_reklame;13
08 November 2020;1769;841145856.13;9972953.41;4300500.69;0.431216;11;3;Sindangwangi;sector_hotel;13
17 April 2021;1721;823373212.08;47156483.41;1058770.24;0.022452;10;4;Cingambul;sector_restoran;12
04 April 2020;1734;164339499.7;56138453.58;3332727.12;0.059366;6;4;Talaga;sector_restoran;20
12 Februari 2024;1981;386669284.3;15848971.7;7466906.77;0.471129;1;4;Argapura;sector_restoran;11
23 Oktober 2021;1833;499330570.56;35241266.53;9167237.91;0.260128;8;2;Lemahsugih;sector_parkir;1
06 Juli 2024;1908;321543107.49;9428779.7;616401.92;0.065375;9;2;Sukahaji;sector_parkir;23
17 April 2024;1562;545266934.2;46206619.32;7126870.89;0.154239;8;4;Sukahaji;sector_restoran;23
18 April 2022;1870;793340307.52;56198737.28;2731323.24;0.048601;10;3;Kertajati;sector_hotel;17
22 Juli 2022;1834;867093360.41;52808023.48;4805086.26;0.090992;12;3;Majalengka;sector_hotel;10
26 Maret 2023;1059;14577232.58;60687689.38;337268.63;0.005557;6;1;Leuwimunding;sector_reklame;14
14 Februari 2022;1833;819975703.2;74274183.86;2653614.98;0.035727;8;3;Leuwimunding;sector_hotel;14
18 Agustus 2022;1701;231257701.43;45141481.57;6147045.99;0.136173;10;4;Sukahaji;sector_restoran;23
18 Agustus 2020;1698;553301759.98;77469489.48;6406549.36;0.082698;9;1;Kadipaten;sector_reklame;6
30 November 2024;1278;737217016.91;81010967.39;8965546.36;0.110671;9;2;Cikijing;sector_parkir;3
20 Desember 2024;1200;499748125.74;13043036.32;3244098.95;0.248723;8;2;Sindangwangi;sector_parkir;13
22 Juni 2023;1226;295617106.48;24899952.0;7003411.79;0.281262;3;2;Jatiwangi;sector_parkir;25
30 Oktober 2024;1906;101075273.79;74617639.91;7376419.98;0.098856;7;1;Kadipaten;sector_reklame;6
27 Maret 2023;1750;558672941.5;63733658.28;6552514.99;0.102811;1;2;Argapura;sector_parkir;11
05 Desember 2021;1619;267633595.15;10563472.29;6805458.4;0.644244;9;1;Ligung;sector_reklame;8
15 Februari 2024;1564;506742561.07;8790545.97;2960133.12;0.336741;9;1;Leuwimunding;sector_reklame;14
17 Agustus 2024;1505;234245735.1;58425819.02;8807389.05;0.150745;5;2;Palasah;sector_parkir;21
31 Maret 2024;1135;59040622.74;62863540.22;5467977.96;0.086982;9;3;Rajagaluh;sector_hotel;22
01 September 2020;1956;921623101.07;73602570.9;8690668.98;0.118076;6;2;Ligung;sector_parkir;8
13 Juni 2020;1825;423247879.95;59684078.43;9526881.08;0.159622;8;4;Argapura;sector_restoran;11
07 Juni 2020;1890;562080942.76;37249427.04;3605851.98;0.096803;4;4;Panyingkiran;sector_restoran;24
15 Juni 2023;1403;633121259.08;12762953.32;8912717.95;0.698327;12;3;Kertajati;sector_hotel;17
06 September 2022;1194;304076070.96;2364646.3;4718163.33;1.995.293;8;2;Talaga;sector_parkir;20
26 Desember 2021;1370;831724959.92;51241957.07;4741692.32;0.092535;11;3;Talaga;sector_hotel;20
15 Juli 2023;1440;104300300.45;51861929.27;889523.65;0.017152;4;4;Sindangwangi;sector_restoran;13
16 November 2020;1503;222239113.38;81642275.05;826589.86;0.010125;10;1;Bantarujeg;sector_reklame;16
29 Mei 2020;1103;209484112.78;44678518.47;729450.55;0.016327;7;1;Jatiwangi;sector_reklame;25
11 November 2020;1303;279337868.72;7920645.92;9970153.44;1.258.755;7;3;Maja;sector_hotel;4
06 Februari 2024;1107;415107859.04;59030785.66;3985198.25;0.067511;1;3;Cingambul;sector_hotel;12
24 September 2024;1154;299864042.64;85592542.43;2328460.9;0.027204;8;4;Sindangwangi;sector_restoran;13
10 April 2021;1491;28635734.83;5965796.81;8644040.97;1.448.933;12;4;Jatiwangi;sector_restoran;25
23 Mei 2022;1669;431005417.84;3475844.57;9354937.25;2.691.414;10;1;Argapura;sector_reklame;11
02 Juni 2022;1220;634818046.26;1638666.42;1105442.6;0.674599;12;3;Cikijing;sector_hotel;3
11 Desember 2022;1540;373670583.46;10722218.68;1438594.66;0.134169;10;1;Talaga;sector_reklame;20
07 Oktober 2023;1792;388536194.72;32701465.49;6077204.07;0.185839;9;4;Dawuan;sector_restoran;15
03 Maret 2024;1513;292015333.45;11344798.91;7920164.39;0.698132;3;2;Kertajati;sector_parkir;17
29 Juni 2023;1624;282553813.61;35957136.61;4312218.54;0.119927;1;3;Dawuan;sector_hotel;15
18 Februari 2022;1216;438044139.98;63580958.77;6403762.69;0.100718;1;2;Banjaran;sector_parkir;2
07 Juni 2023;1868;731521897.67;62828125.37;2824293.91;0.044953;6;4;Kasokandel;sector_restoran;7
16 Februari 2023;1367;900297343.84;40335800.97;4413658.39;0.109423;8;3;Sumberjaya;sector_hotel;5
23 Mei 2021;1196;508033294.02;26067917.36;5540770.76;0.212551;8;1;Maja;sector_reklame;4
07 September 2020;1420;17080254.08;97340654.58;5053051.55;0.051911;11;3;Banjaran;sector_hotel;2
22 November 2021;1761;774222021.6;72332242.55;170697.19;0.00236;1;1;Jatitujuh;sector_reklame;19
22 Februari 2022;1070;497182513.72;25868117.14;2899334.03;0.112081;10;4;Maja;sector_restoran;4
11 Maret 2023;1430;996779523.94;29795864.15;48403.51;0.001625;6;4;Kadipaten;sector_restoran;6
01 Februari 2021;1687;136083946.05;42192027.73;2761713.71;0.065456;1;3;Argapura;sector_hotel;11
15 Januari 2020;1809;740482959.51;93356133.69;8463801.86;0.090661;6;3;Sindang;sector_hotel;26
12 Juli 2023;1578;797911391.45;80022896.81;1960284.54;0.024497;4;2;Ligung;sector_parkir;8
06 April 2021;1578;933017595.35;92516283.73;5349025.58;0.057817;3;3;Cikijing;sector_hotel;3
24 Desember 2023;1953;676078313.04;67718379.27;2853596.59;0.042139;12;4;Palasah;sector_restoran;21
19 November 2021;1495;656167412.94;70856528.27;5902435.94;0.083301;6;4;Jatitujuh;sector_restoran;19
30 Juni 2020;1106;543386560.38;26148159.98;6707960.93;0.256537;2;2;Maja;sector_parkir;4
30 April 2023;1104;829930157.41;49061015.05;5094646.22;0.103843;1;3;Palasah;sector_hotel;21
14 September 2023;1663;735874196.26;95797875.65;5699521.59;0.059495;9;1;Malausma;sector_reklame;9
07 Mei 2024;1704;867137951.62;77467067.14;1031161.7;0.013311;6;4;Talaga;sector_restoran;20
26 November 2022;1760;283220966.74;75492545.73;8125332.85;0.107631;2;3;Panyingkiran;sector_hotel;24
14 Mei 2020;1877;152931797.35;86866363.52;9479949.35;0.109133;5;3;Talaga;sector_hotel;20
13 Januari 2024;1627;165126265.64;79843368.6;3208924.2;0.04019;8;1;Sumberjaya;sector_reklame;5
21 Mei 2020;1125;705230592.64;6408548.5;3974174.3;0.620136;5;4;Kasokandel;sector_restoran;7
26 Agustus 2024;1913;76814336.46;47228072.6;729991.21;0.015457;4;2;Dawuan;sector_parkir;15
18 Juni 2024;1581;916643501.89;98014056.22;8923798.49;0.091046;5;4;Cigasong;sector_restoran;18
27 Januari 2023;1923;14874798.85;60153744.38;5899312.82;0.098071;4;1;Sindang;sector_reklame;26
29 Januari 2023;1313;776006402.02;25162313.85;6350232.25;0.252371;12;3;Banjaran;sector_hotel;2
02 Februari 2024;1962;434861967.11;8193920.59;3400285.67;0.414977;12;3;Talaga;sector_hotel;20
27 Agustus 2020;1064;441631415.9;46130179.84;9559900.67;0.207237;9;3;Argapura;sector_hotel;11
28 Agustus 2022;1422;909265604.1;94190023.12;5867044.25;0.062289;2;4;Sindang;sector_restoran;26
21 November 2024;1461;288836291.63;40776984.83;7609186.13;0.186605;10;4;Sumberjaya;sector_restoran;5
08 Juni 2023;1089;858389211.27;75607268.39;8501157.8;0.112438;5;1;Kadipaten;sector_reklame;6
12 Oktober 2024;1684;931756423.55;31869490.37;3526040.55;0.11064;9;2;Sindangwangi;sector_parkir;13
17 Oktober 2024;1805;894670449.46;97712095.78;301234.45;0.003083;3;4;Panyingkiran;sector_restoran;24
30 Desember 2022;1013;40367002.02;29856093.41;9848623.05;0.32987;8;4;Sindang;sector_restoran;26
17 April 2020;1982;850402448.52;49325116.93;1790316.92;0.036296;10;2;Kertajati;sector_parkir;17
15 Mei 2024;1203;149438610.15;34403616.71;1787558.53;0.051958;8;2;Kertajati;sector_parkir;17
27 April 2023;1869;123290870.41;64548876.42;938280.31;0.014536;9;1;Malausma;sector_reklame;9
10 Mei 2024;1692;161082471.45;26579868.76;7166823.09;0.269634;7;4;Malausma;sector_restoran;9
02 Desember 2023;1618;360279485.49;56244039.85;7837712.81;0.139352;1;2;Cikijing;sector_parkir;3
01 Juli 2023;1021;898869160.69;31389785.64;513540.86;0.01636;5;3;Sindangwangi;sector_hotel;13
23 Agustus 2020;1216;565363212.06;6121367.52;99073.08;0.016185;7;3;Palasah;sector_hotel;21
12 Maret 2024;1575;55508377.17;32637719.96;6173964.0;0.189167;6;4;Talaga;sector_restoran;20
30 Mei 2021;1135;798295013.06;32784061.09;8677184.91;0.264677;1;1;Cingambul;sector_reklame;12
02 September 2022;1772;544678682.55;960303.62;3596578.67;3.745.252;11;4;Kasokandel;sector_restoran;7
19 Mei 2024;1731;246958940.85;56113642.78;9537521.96;0.169968;4;4;Kertajati;sector_restoran;17
11 Desember 2024;1013;153796423.66;97006227.54;5863671.31;0.060446;8;1;Majalengka;sector_reklame;10
27 Maret 2024;1269;189763113.57;45596100.42;920363.49;0.020185;7;2;Cikijing;sector_parkir;3
14 Oktober 2021;1758;118635048.06;29646807.05;7541282.48;0.254371;9;3;Cingambul;sector_hotel;12
13 Juli 2022;1841;308836650.73;8858574.68;9926539.13;1.120.557;8;1;Leuwimunding;sector_reklame;14
14 Juli 2024;1169;760246083.02;13905425.76;8325621.89;0.598732;12;1;Sumberjaya;sector_reklame;5
29 September 2022;1978;749411967.15;37149106.42;9768720.13;0.26296;8;1;Sindangwangi;sector_reklame;13
27 September 2022;1864;170698701.12;39712673.1;9251582.23;0.232963;7;3;Sindangwangi;sector_hotel;13
24 Juli 2020;1500;44248588.85;50423288.87;4548192.72;0.0902;9;4;Dawuan;sector_restoran;15
24 November 2021;1752;156802509.27;52495450.72;417908.73;0.007961;2;1;Rajagaluh;sector_reklame;22
19 Januari 2021;1365;694745437.34;14950351.54;2994551.34;0.2003;11;4;Jatiwangi;sector_restoran;25
17 Oktober 2020;1797;685500598.23;5320255.79;6101232.8;1.146.793;3;2;Argapura;sector_parkir;11
15 April 2023;1521;152194675.16;91134439.18;5605648.06;0.06151;11;4;Dawuan;sector_restoran;15
21 Februari 2022;1126;167056501.61;17112433.75;5868785.04;0.342954;6;4;Maja;sector_restoran;4
09 Januari 2023;1267;105281272.67;65197628.79;3959298.59;0.060728;8;4;Malausma;sector_restoran;9
21 November 2020;1548;528095541.52;64611287.12;9951452.44;0.15402;1;4;Cikijing;sector_restoran;3
03 September 2023;1038;689769633.58;46264271.82;4743093.12;0.102522;11;1;Sindang;sector_reklame;26
26 Mei 2024;1170;287468388.46;92777613.96;5484926.0;0.059119;7;2;Cingambul;sector_parkir;12
28 November 2024;1415;843176290.94;83925846.47;9760743.45;0.116302;7;1;Argapura;sector_reklame;11
02 Juli 2020;1465;608230141.9;86000602.41;3382714.77;0.039334;3;4;Sukahaji;sector_restoran;23
23 Juni 2022;1037;215454113.22;19935229.93;9138438.55;0.458406;11;2;Kadipaten;sector_parkir;6
20 Februari 2021;1624;225773264.04;46455089.29;7431830.76;0.159979;10;2;Dawuan;sector_parkir;15
29 September 2022;1499;631394940.66;55439928.67;346126.44;0.006243;4;3;Maja;sector_hotel;4
11 Desember 2021;1603;778488957.91;19483451.14;9510937.64;0.488155;12;1;Majalengka;sector_reklame;10
03 Agustus 2022;1632;802730059.93;16490490.45;1980272.64;0.120086;6;3;Cikijing;sector_hotel;3
22 September 2021;1158;154840233.63;75063785.45;5908529.98;0.078713;11;2;Argapura;sector_parkir;11
18 Januari 2021;1227;226208205.81;77322200.0;1853589.36;0.023972;10;2;Kasokandel;sector_parkir;7
20 September 2024;1156;382704777.67;54093988.6;4553156.89;0.084171;10;2;Jatitujuh;sector_parkir;19
30 Desember 2021;1840;875487637.47;69277792.45;6990413.2;0.100904;9;4;Ligung;sector_restoran;8
03 Juni 2024;1585;242034997.33;31617209.78;6459295.9;0.204297;10;4;Majalengka;sector_restoran;10
31 Mei 2020;1435;736708788.04;44666997.27;7753891.65;0.173593;5;3;Sukahaji;sector_hotel;23
23 Maret 2020;1103;617074229.36;21054813.63;7167800.66;0.340435;6;1;Dawuan;sector_reklame;15
06 Januari 2023;1928;592814920.68;78629369.47;2051424.8;0.02609;6;4;Rajagaluh;sector_restoran;22
01 Juli 2022;1918;612968781.48;61304724.38;706047.47;0.011517;6;3;Talaga;sector_hotel;20
20 Maret 2021;1931;770699519.07;54480098.52;8051231.75;0.147783;2;1;Leuwimunding;sector_reklame;14
20 Februari 2024;1000;440942922.12;80646076.2;2576024.03;0.031942;10;3;Argapura;sector_hotel;11
19 September 2021;1539;664902964.26;34538502.94;4286396.65;0.124105;4;2;Ligung;sector_parkir;8
31 Agustus 2021;1777;492633253.72;99508031.63;7455324.7;0.074922;3;2;Maja;sector_parkir;4
30 November 2021;1276;970087425.33;81276477.03;8417072.46;0.103561;5;4;Leuwimunding;sector_restoran;14
08 September 2021;1865;84503364.47;90494273.53;1253593.68;0.013853;11;1;Malausma;sector_reklame;9
21 Februari 2020;1808;267821453.68;96930393.57;7349548.26;0.075823;10;1;Cigasong;sector_reklame;18
28 Mei 2021;1224;334401872.64;14453798.3;6663535.56;0.461023;8;1;Kertajati;sector_reklame;17
29 Desember 2021;1342;343865898.77;10812404.29;6618602.15;0.61213;2;4;Ligung;sector_restoran;8
08 Juli 2023;1578;707303626.42;95864896.56;3185734.32;0.033232;10;1;Jatiwangi;sector_reklame;25
20 Mei 2022;1015;477814840.1;97120217.6;5854840.99;0.060284;5;1;Leuwimunding;sector_reklame;14
14 Mei 2021;1789;796438903.72;87745704.14;949929.83;0.010826;6;1;Kadipaten;sector_reklame;6
23 Mei 2022;1244;701985035.91;59994973.63;3614127.02;0.06024;9;2;Majalengka;sector_parkir;10
03 Maret 2021;1999;299522726.39;93627454.89;9544301.25;0.101939;11;4;Kasokandel;sector_restoran;7
20 Agustus 2021;1810;388563836.23;50644569.59;9709625.23;0.191721;3;3;Cingambul;sector_hotel;12
12 Januari 2020;1855;570816402.23;91144753.91;3899816.21;0.042787;8;3;Palasah;sector_hotel;21
25 Maret 2020;1565;840979504.45;12386644.75;8617352.65;0.695697;4;3;Sumberjaya;sector_hotel;5
30 Juni 2020;1114;291676074.99;14497700.83;8385061.15;0.578372;10;2;Ligung;sector_parkir;8
20 September 2023;1312;878262510.23;16265117.51;2343251.99;0.144066;5;3;Lemahsugih;sector_hotel;1
07 Oktober 2021;1350;501903535.26;94783848.09;6049250.36;0.063822;12;2;Cigasong;sector_parkir;18
26 Januari 2022;1544;983810032.71;28325015.76;2430763.35;0.085817;3;1;Malausma;sector_reklame;9
06 Juni 2021;1517;91031400.65;21258923.04;67431.75;0.003172;11;4;Cigasong;sector_restoran;18
20 Maret 2024;1614;311657180.82;14364994.62;8634358.1;0.601069;7;2;Malausma;sector_parkir;9
23 Juli 2021;1692;395287007.55;2494175.05;1087138.63;0.435871;7;2;Argapura;sector_parkir;11
15 Oktober 2023;1277;409097921.28;25204318.65;1481430.68;0.058777;5;2;Sumberjaya;sector_parkir;5
19 November 2024;1368;386682311.89;91750574.83;438537.51;0.00478;3;1;Jatitujuh;sector_reklame;19
03 April 2024;1141;617839746.95;30153407.36;8155890.55;0.27048;4;4;Jatiwangi;sector_restoran;25
31 Juli 2021;1852;943427842.06;69880685.97;3730045.42;0.053377;12;2;Cikijing;sector_parkir;3
18 Februari 2022;1907;120297018.24;11255595.3;337827.55;0.030014;9;3;Sumberjaya;sector_hotel;5
12 April 2024;1635;870809574.92;68710347.45;1307076.04;0.019023;2;3;Kertajati;sector_hotel;17
06 Oktober 2020;1125;314739886.34;47526846.44;6726375.54;0.141528;8;4;Jatiwangi;sector_restoran;25
26 Desember 2021;1393;247741411.74;42429847.28;58578.84;0.001381;4;1;Rajagaluh;sector_reklame;22
04 Oktober 2022;1643;965169542.87;87545610.48;8210318.51;0.093783;6;4;Lemahsugih;sector_restoran;1
01 Agustus 2023;1479;206444077.16;40054770.12;9262313.53;0.231241;11;2;Majalengka;sector_parkir;10
04 Januari 2020;1767;419278765.16;16415076.94;2489156.13;0.151638;1;4;Argapura;sector_restoran;11
29 April 2023;1125;426680700.6;93601939.57;8668463.58;0.09261;3;1;Cigasong;sector_reklame;18
10 Oktober 2023;1344;280877438.25;2953350.28;6460844.85;2.187.632;10;2;Bantarujeg;sector_parkir;16
12 November 2023;1625;170382897.56;55187995.15;7013264.59;0.12708;1;4;Lemahsugih;sector_restoran;1
19 Juli 2022;1868;259182121.48;97364356.81;9023108.45;0.092674;2;4;Banjaran;sector_restoran;2
18 September 2021;1257;736532062.48;27113450.94;9357767.81;0.345134;12;1;Maja;sector_reklame;4
24 Februari 2020;1291;210076644.15;98711780.65;3069658.54;0.031097;8;2;Rajagaluh;sector_parkir;22
20 Juni 2020;1880;817740655.91;71234928.54;2416931.03;0.033929;1;2;Kasokandel;sector_parkir;7
23 Januari 2022;1268;103353179.14;13513781.7;7033989.55;0.520505;6;3;Cikijing;sector_hotel;3
10 September 2024;1964;152956255.52;47132087.53;7891782.39;0.16744;7;2;Cikijing;sector_parkir;3
22 Januari 2024;1065;779328324.57;90630860.36;5123526.44;0.056532;4;4;Sukahaji;sector_restoran;23
01 Juli 2021;1536;830366030.11;77992259.06;3627818.51;0.046515;7;2;Malausma;sector_parkir;9
27 Mei 2023;1451;795331135.75;87204053.18;7061602.75;0.080978;6;1;Jatitujuh;sector_reklame;19
15 September 2022;1781;385657226.87;1797564.23;4583630.08;2.549.912;12;1;Leuwimunding;sector_reklame;14
28 Agustus 2020;1292;740572751.69;88578088.84;5197078.4;0.058672;2;1;Talaga;sector_reklame;20
15 Maret 2023;1702;926750797.07;87119759.79;8320872.4;0.095511;10;1;Kasokandel;sector_reklame;7
23 Juni 2022;1386;262350105.34;16303959.64;8795496.99;0.53947;9;4;Jatiwangi;sector_restoran;25
15 Oktober 2023;1043;835575242.56;18875551.31;5283821.05;0.279929;4;1;Palasah;sector_reklame;21
04 Februari 2024;1500;310748834.45;43090467.26;5711327.69;0.132543;10;1;Sumberjaya;sector_reklame;5
25 Juli 2021;1254;929928787.12;67279225.91;8639048.51;0.128406;9;4;Ligung;sector_restoran;8
19 Juli 2024;1535;456418392.98;4532086.34;7293982.77;1.609.409;11;3;Cigasong;sector_hotel;18
03 April 2023;1830;395749459.78;98103498.53;7592035.63;0.077388;9;1;Banjaran;sector_reklame;2
21 Juli 2020;1188;585707474.64;54818588.74;1371404.94;0.025017;9;1;Banjaran;sector_reklame;2
11 Agustus 2023;1883;772463440.09;97123774.26;2398663.09;0.024697;3;4;Sukahaji;sector_restoran;23
23 Agustus 2024;1837;973074242.34;86377122.72;56952.7;0.000659;7;3;Jatiwangi;sector_hotel;25
18 November 2020;1503;662614329.62;97254357.76;3545161.81;0.036452;11;1;Lemahsugih;sector_reklame;1
03 Agustus 2020;1780;217470804.66;46279007.86;4018658.81;0.086835;12;3;Kasokandel;sector_hotel;7
29 Maret 2023;1613;41587599.91;40464254.02;238468.3;0.005893;8;4;Kadipaten;sector_restoran;6
30 Januari 2021;1635;974410492.51;50770439.87;5807737.69;0.114392;2;3;Bantarujeg;sector_hotel;16
10 Juli 2020;1603;493078937.72;6317520.12;6768277.02;107.135;2;3;Kasokandel;sector_hotel;7
12 Desember 2020;1857;969574870.08;59835503.48;5120706.7;0.08558;11;1;Sindang;sector_reklame;26
04 Juli 2021;1869;174306719.32;85627768.88;1150045.4;0.013431;10;2;Majalengka;sector_parkir;10
23 Juni 2022;1794;369141834.88;98556646.43;5977075.86;0.060646;11;4;Dawuan;sector_restoran;15
17 Mei 2022;1151;740970923.29;9418797.2;8304688.1;0.881714;10;2;Ligung;sector_parkir;8
12 Desember 2023;1781;611590670.02;91754360.34;2756884.09;0.030046;11;2;Banjaran;sector_parkir;2
30 Januari 2022;1738;944812533.78;39823125.83;7007975.25;0.175978;10;3;Cingambul;sector_hotel;12
14 Mei 2022;1719;776644466.38;32968898.51;9892661.24;0.30006;3;4;Argapura;sector_restoran;11
16 Oktober 2023;1129;708435920.65;37422471.64;7547571.58;0.201686;2;2;Lemahsugih;sector_parkir;1
24 November 2024;1102;654841292.36;40193281.58;5856996.14;0.145721;7;4;Malausma;sector_restoran;9
31 Desember 2021;1110;568609780.37;34622703.89;4179965.11;0.120729;5;1;Majalengka;sector_reklame;10
01 April 2021;1227;334311949.44;28937490.73;7151124.01;0.247123;10;3;Jatiwangi;sector_hotel;25
10 Juni 2022;1294;693104304.85;32761381.53;544656.95;0.016625;5;2;Jatiwangi;sector_parkir;25
22 Agustus 2021;1077;401290134.28;14922621.53;4459248.41;0.298825;2;2;Malausma;sector_parkir;9
29 Januari 2020;1229;275362297.23;6923250.28;5058848.47;0.730704;2;4;Panyingkiran;sector_restoran;24
05 Maret 2023;1263;918215816.99;61186237.48;2528382.19;0.041323;10;3;Majalengka;sector_hotel;10
27 Maret 2022;1328;964126209.17;57556848.46;9527544.5;0.165533;11;2;Cigasong;sector_parkir;18
29 Maret 2021;1258;828633319.21;80917690.32;1360033.39;0.016808;10;4;Kasokandel;sector_restoran;7
16 September 2024;1720;816808317.72;82722680.65;3279589.13;0.039646;10;1;Leuwimunding;sector_reklame;14
23 Januari 2022;1183;460837667.1;1454238.27;4957412.65;3.408.941;10;4;Rajagaluh;sector_restoran;22
25 Agustus 2020;1428;183841329.12;71017953.74;107414.19;0.001512;10;3;Maja;sector_hotel;4
21 Januari 2023;1664;430792030.93;61209400.3;7266048.22;0.118708;1;4;Jatiwangi;sector_restoran;25
18 Agustus 2021;1416;444388709.58;4261928.52;2840547.43;0.666493;2;1;Sumberjaya;sector_reklame;5
03 April 2022;1373;883979176.34;93901175.49;7494572.12;0.079813;6;4;Argapura;sector_restoran;11
19 Mei 2021;1469;680852031.06;46006451.6;6113049.41;0.132874;6;1;Jatiwangi;sector_reklame;25
02 Juni 2020;1309;43096704.98;80004715.56;159868.91;0.001998;5;2;Malausma;sector_parkir;9
22 Oktober 2022;1872;164811186.19;48846725.69;7432579.33;0.152161;8;2;Maja;sector_parkir;4
24 Februari 2021;1008;657499253.48;41509570.44;7506278.02;0.180832;6;2;Leuwimunding;sector_parkir;14
29 September 2020;1938;15149829.28;34644383.28;571673.28;0.016501;12;4;Kadipaten;sector_restoran;6
16 Februari 2020;1710;22502960.44;84953352.18;3549351.92;0.04178;9;3;Dawuan;sector_hotel;15
29 September 2021;1518;711897574.67;17499975.7;887682.15;0.050725;11;1;Argapura;sector_reklame;11
09 Oktober 2021;1067;79328934.02;93174990.61;1366861.02;0.01467;12;2;Majalengka;sector_parkir;10
24 Agustus 2022;1817;425709897.62;75456807.77;4442595.36;0.058876;5;3;Majalengka;sector_hotel;10
03 Desember 2022;1089;233461580.71;46698754.48;2384622.16;0.051064;8;4;Bantarujeg;sector_restoran;16
26 Februari 2021;1127;237292143.44;40267298.33;5269489.88;0.130863;9;2;Leuwimunding;sector_parkir;14
21 Agustus 2022;1649;111218104.72;91466395.52;8287929.18;0.090612;2;1;Majalengka;sector_reklame;10
29 Juni 2023;1926;292916766.67;88895447.65;9653204.73;0.108591;8;4;Panyingkiran;sector_restoran;24
26 Juli 2021;1193;352216508.38;82625307.07;7659293.58;0.092699;12;4;Maja;sector_restoran;4
05 Maret 2023;1916;336768128.43;29457848.43;8049399.48;0.273251;5;4;Dawuan;sector_restoran;15
20 November 2024;1098;880746911.44;13593025.68;1731343.78;0.12737;8;1;Cikijing;sector_reklame;3
22 Oktober 2023;1202;641525271.77;21450107.63;2485904.68;0.115892;12;3;Maja;sector_hotel;4
24 Juni 2023;1501;161587965.8;16433234.04;9249368.67;0.562845;9;1;Sumberjaya;sector_reklame;5
07 November 2020;1353;833550237.88;23292476.72;1094036.53;0.04697;9;2;Cikijing;sector_parkir;3
11 Oktober 2024;1895;425432618.76;83967121.98;8498941.71;0.101217;1;4;Panyingkiran;sector_restoran;24
16 September 2021;1345;496041455.6;81444477.91;753303.81;0.009249;4;3;Leuwimunding;sector_hotel;14
19 April 2021;1480;601028931.2;62607062.21;7638704.48;0.12201;12;1;Talaga;sector_reklame;20
10 Juli 2021;1232;269887430.62;75716868.84;4912211.56;0.064876;10;4;Rajagaluh;sector_restoran;22
15 Oktober 2023;1184;236786973.25;59761315.49;8178180.03;0.136847;12;3;Ligung;sector_hotel;8
27 November 2023;1956;30228612.48;51451425.07;7664913.23;0.148974;2;3;Panyingkiran;sector_hotel;24
11 Desember 2024;1646;520634788.91;13834405.53;3249011.97;0.23485;6;1;Sindangwangi;sector_reklame;13
29 Juli 2022;1766;710285468.18;3605029.6;4173023.74;1.157.556;11;4;Leuwimunding;sector_restoran;14
03 April 2021;1125;441805325.77;42607312.79;5939934.59;0.139411;10;2;Cikijing;sector_parkir;3
25 Juni 2022;1164;198665976.56;78920489.68;5763240.23;0.073026;5;1;Argapura;sector_reklame;11
27 September 2024;1921;529161488.41;13901717.25;5437969.11;0.391172;9;4;Sumberjaya;sector_restoran;5
18 Desember 2020;1874;741202443.56;72539831.09;2407927.43;0.033195;1;2;Bantarujeg;sector_parkir;16
07 Januari 2022;1886;582730140.37;40353069.96;1615682.65;0.040039;2;2;Kertajati;sector_parkir;17
08 Agustus 2024;1616;349923437.95;2400113.72;3177008.86;1.323.691;6;2;Sindang;sector_parkir;26
29 November 2023;1224;458314754.65;38894851.8;9941143.01;0.25559;9;3;Argapura;sector_hotel;11
13 Agustus 2024;1523;575434096.46;40952541.14;4493723.85;0.10973;8;1;Sindang;sector_reklame;26
02 Mei 2021;1442;536241257.26;53536512.66;8771739.51;0.163846;5;2;Leuwimunding;sector_parkir;14
17 Juni 2020;1278;304042709.75;51522275.87;38135.57;0.00074;4;4;Cikijing;sector_restoran;3
11 Mei 2022;1532;846634392.96;65453931.15;2635534.98;0.040265;3;3;Palasah;sector_hotel;21
03 Juli 2020;1659;611367171.47;56598052.1;6282011.2;0.110993;7;3;Palasah;sector_hotel;21
30 Juni 2022;1531;175260450.79;93640862.83;7872188.65;0.084068;4;4;Dawuan;sector_restoran;15
28 September 2020;1228;489497943.64;63882030.48;2166529.46;0.033915;1;2;Panyingkiran;sector_parkir;24
16 Mei 2024;1254;539076825.38;62589157.67;281230.78;0.004493;5;1;Talaga;sector_reklame;20
05 Januari 2020;1011;717085401.31;52074605.09;5676695.39;0.109011;4;2;Majalengka;sector_parkir;10
23 Oktober 2024;1587;667939569.35;43592096.45;2797996.29;0.064186;2;3;Ligung;sector_hotel;8
16 September 2021;1741;442191588.27;18127995.89;2355659.01;0.129946;10;1;Talaga;sector_reklame;20
22 Januari 2021;1837;188661526.09;47071266.01;7438817.87;0.158033;3;1;Rajagaluh;sector_reklame;22
20 Desember 2023;1800;346449949.18;84857814.01;434506.03;0.00512;1;2;Banjaran;sector_parkir;2
02 Januari 2020;1645;814056882.18;89678471.13;1184835.07;0.013212;6;2;Ligung;sector_parkir;8
18 Desember 2023;1912;198160147.49;24144406.99;9096600.08;0.376758;4;1;Dawuan;sector_reklame;15
08 November 2021;1365;219118875.74;81654564.33;8621709.91;0.105588;4;3;Argapura;sector_hotel;11
01 Oktober 2021;1221;519824503.26;90463003.3;4197369.62;0.046399;2;3;Talaga;sector_hotel;20
05 April 2020;1063;905167610.25;56115199.69;191239.98;0.003408;5;4;Talaga;sector_restoran;20
17 September 2021;1486;304395004.38;90062299.16;5318850.59;0.059057;1;2;Leuwimunding;sector_parkir;14
27 April 2020;1531;297777342.4;16775099.17;6754272.32;0.402637;2;1;Cikijing;sector_reklame;3
19 Juli 2021;1334;966956534.89;72310265.92;1996432.63;0.027609;1;1;Kadipaten;sector_reklame;6
06 Juni 2024;1370;363921391.26;35829541.83;5748599.01;0.160443;10;3;Kasokandel;sector_hotel;7
09 Maret 2024;1463;591879457.88;83009254.27;8572908.28;0.103277;10;3;Banjaran;sector_hotel;2
26 Desember 2024;1875;497470671.73;49817837.27;2238150.81;0.044927;1;4;Ligung;sector_restoran;8
19 Mei 2020;1851;806406536.33;41523526.15;814135.2;0.019607;5;1;Ligung;sector_reklame;8
28 November 2023;1108;581610451.93;43619109.63;7483101.93;0.171556;2;1;Malausma;sector_reklame;9
25 Oktober 2022;1709;681851124.63;11438216.69;743235.64;0.064978;1;3;Kadipaten;sector_hotel;6
30 November 2023;1425;92138084.68;6133265.68;3840187.25;0.626124;3;1;Ligung;sector_reklame;8
23 Mei 2024;1831;531734547.72;10168217.5;1941801.84;0.190968;5;3;Cikijing;sector_hotel;3
17 Juni 2022;1175;919650068.93;47854776.72;4180174.97;0.087351;1;2;Sindang;sector_parkir;26
01 Desember 2021;1179;974613881.33;48012333.12;6553628.36;0.136499;6;1;Rajagaluh;sector_reklame;22
28 Mei 2020;1381;539066623.97;50692460.29;1758692.83;0.034693;3;3;Talaga;sector_hotel;20
11 September 2020;1519;250732116.07;21450636.85;5011279.28;0.233619;7;4;Banjaran;sector_restoran;2
18 Mei 2022;1905;941207390.12;349257.85;6216649.8;17.799.599;12;3;Bantarujeg;sector_hotel;16
22 Juni 2021;1099;581968423.27;24357117.33;5953223.73;0.244414;12;3;Malausma;sector_hotel;9
06 Juli 2021;1824;614113429.85;27723108.99;1077385.88;0.038862;1;4;Cingambul;sector_restoran;12
24 Agustus 2020;1968;314371973.73;36700513.66;7762504.57;0.211509;8;1;Talaga;sector_reklame;20
02 Maret 2021;1716;194677335.51;29652195.61;2522153.68;0.085058;5;1;Kadipaten;sector_reklame;6
13 Juni 2020;1350;268225619.36;27820792.0;9248065.3;0.332416;4;4;Jatitujuh;sector_restoran;19
10 Mei 2024;1478;560717589.05;42700959.31;205791.15;0.004819;9;4;Bantarujeg;sector_restoran;16
03 Agustus 2021;1436;404360747.37;97428299.19;244836.96;0.002513;3;4;Kasokandel;sector_restoran;7
25 Oktober 2023;1890;896269572.15;47789518.34;6215456.21;0.130059;7;1;Sindang;sector_reklame;26
06 Maret 2021;1255;725766170.87;69167809.58;2874108.37;0.041553;2;4;Kertajati;sector_restoran;17
22 Juli 2023;1393;309390285.85;58481264.32;7041679.72;0.120409;5;2;Kertajati;sector_parkir;17
16 Oktober 2023;1253;200145644.7;13652469.07;3442265.63;0.252135;5;4;Talaga;sector_restoran;20
22 Maret 2024;1846;621890522.2;68632478.55;4726176.16;0.068862;2;3;Kertajati;sector_hotel;17
08 Februari 2022;1781;585288674.0;21632846.12;3831217.7;0.177102;2;4;Sindangwangi;sector_restoran;13
30 Mei 2023;1575;784327831.72;74322336.98;3745154.25;0.050391;4;4;Talaga;sector_restoran;20
10 Mei 2021;1745;63988467.85;62323994.94;3665648.63;0.058816;5;1;Kasokandel;sector_reklame;7
23 Desember 2022;1558;615719025.41;16238113.46;8065012.41;0.496672;4;1;Maja;sector_reklame;4
26 Maret 2020;1246;330709258.15;91040543.01;627829.12;0.006896;6;1;Cikijing;sector_reklame;3
27 Maret 2022;1193;359413866.74;78908417.28;4484490.19;0.056832;1;3;Lemahsugih;sector_hotel;1
19 Februari 2022;1859;375670103.12;5497565.18;8454542.77;153.787;1;2;Argapura;sector_parkir;11
17 Juli 2023;1716;37390005.37;66894020.58;8914450.27;0.133262;4;1;Bantarujeg;sector_reklame;16
13 Oktober 2021;1846;197993349.96;95742534.23;5380546.31;0.056198;12;1;Kasokandel;sector_reklame;7
08 Desember 2020;1007;332101077.1;74700152.4;4971450.62;0.066552;9;2;Sukahaji;sector_parkir;23
11 Agustus 2023;1217;699193824.81;64356133.24;4809003.78;0.074725;12;3;Cingambul;sector_hotel;12
08 Oktober 2023;1837;349880316.04;52573334.5;893121.31;0.016988;2;4;Bantarujeg;sector_restoran;16
03 Juni 2022;1452;905141547.73;23624628.96;1098034.48;0.046478;11;3;Malausma;sector_hotel;9
24 November 2021;1981;757400493.98;71676931.8;7112977.19;0.099237;9;1;Cigasong;sector_reklame;18
03 Agustus 2024;1707;842100712.0;82027185.35;7386733.26;0.090052;12;1;Lemahsugih;sector_reklame;1
24 Juni 2020;1163;738599183.75;21309638.35;1293178.44;0.060685;8;3;Maja;sector_hotel;4
06 Juni 2021;1000;347026889.03;54945654.35;1009233.01;0.018368;10;1;Kadipaten;sector_reklame;6
